{"knowledgebaseId":null,"name":"Guest","exportDate":"2021-08-23T14:56:54.523Z","exportVersion":1,"docs":[{"key":["August 23rd, 2021"],"owner":null,"children":["8mtdwepwT7AMxeCvm","RWcyLRjQwmYxPGqAA","t5sEpcDE6aG9ppjWY"],"subBlocks":["t5sEpcDE6aG9ppjWY"],"portalsIn":["Ko3s5GhN7m8yg35NF","zpMhSQGGZbNH7TbPP"],"createdAt":1629729095155,"u":1629730579384,"_id":"27oqZK5jjnGb652DE","srcRemId":"zCmpjELNjBmrpjZog","srcRemC":"a/fakeImportArticle0.11602723010232108","portalsIn,prev":[],"p":null,"docUpdated":1629729118560,"children,prev":[],"subBlocks,prev":[],"crt":{"o":{"s":{"_id":"RWcyLRjQwmYxPGqAA","s":"Draft","v":[{"i":"q","_id":"r4oZgcKFuXiGrCRzQ"}]}},"d":{"s":{"_id":"8mtdwepwT7AMxeCvm","s":"1629657000","v":["1629657000"]}}},"typeParents,prev":[],"excludedTypeParents,prev":[],"value":null,"typeParents":["qawP2QvsyNLtMhpGB","zpMhSQGGZbNH7TbPP"],"excludedTypeParents":[],"parent":"zpMhSQGGZbNH7TbPP"},{"key":["Block Ref to sub-folder: ",{"_id":"7RhRwAdX9gPT6E8sD","i":"q"},""],"owner":null,"children":[],"subBlocks":[],"portalsIn":["CkkxsdShyemebYXWw","WSKpq6K35YMcGEyfa"],"createdAt":1629728848763,"u":1629730557287,"_id":"28fwkd6YNMfSPvfLR","srcRemId":"Z2keCTcsSejvwPGH4","srcRemC":"a/fakeImportArticle0.11602723010232108","portalsIn,prev":[],"p":null,"enableBackSR":true,"parent":"WSKpq6K35YMcGEyfa","subBlocks,prev":[],"excludedTypeParents":[],"excludedTypeParents,prev":[]},{"key":[{"i":"q","_id":"EN8At62xbHgSuRF4E"}],"owner":null,"children":[],"subBlocks":[],"portalsIn":[],"createdAt":1629728312685,"u":1629730557295,"_id":"2DdNB38CYjrPRySDA","srcRemId":"cgdHNzZ7BE8JsKGwD","srcRemC":"a/fakeImportArticle0.11602723010232108","portalsIn,prev":[],"p":null,"value":[{"i":"q","_id":"r4oZgcKFuXiGrCRzQ"}],"type":2,"forget":true,"rcrp":"o.s","parent":"7ptMrhMECyuyczyCD","typeParents":["EN8At62xbHgSuRF4E"],"excludedTypeParents":[],"typeParents,prev":[],"excludedTypeParents,prev":[],"subBlocks,prev":[]},{"key":[{"i":"q","_id":"wvdxKFArgeySJcTgB"}],"owner":null,"children":[],"subBlocks":[],"portalsIn":[],"createdAt":1629729681778,"u":1629730557388,"_id":"3suquQhxXivYXE4nS","srcRemId":"9qn9fCNqEEAvhjxHF","srcRemC":"a/fakeImportArticle0.11602723010232108","portalsIn,prev":[],"p":null,"value":[{"i":"q","_id":"dCLSrBTRitwtRGcX6"}],"type":2,"forget":true,"rcrp":"t.s","parent":"KMcsBxZj9inbJPimk"},{"key":["Test Rem 3.2.1.1"],"owner":null,"children":[],"subBlocks":[],"portalsIn":["7RhRwAdX9gPT6E8sD","o8tgW7a5YbRqotjeC"],"createdAt":1629728770572,"u":1629730557032,"_id":"3yucBcLX5QzJ5rm7t","srcRemId":"363BMZEs6B7vKR4Ly","srcRemC":"a/fakeImportArticle0.11602723010232108","portalsIn,prev":[],"p":null,"enableBackSR":true,"parent":"o8tgW7a5YbRqotjeC","subBlocks,prev":[],"excludedTypeParents":[],"excludedTypeParents,prev":[]},{"key":["Test File 2.1"],"owner":null,"children":["vRbNXE98AY3emC5rT"],"subBlocks":[],"portalsIn":["rbAkiYcQtpuMHXJJq","Ko3s5GhN7m8yg35NF"],"createdAt":1629728628179,"u":1629730557485,"_id":"4hvajT4EBL2cXhRFP","srcRemId":"PzqbbbfZqppcgAxej","srcRemC":"a/fakeImportArticle0.11602723010232108","portalsIn,prev":[],"p":null,"docUpdated":1629728628180,"children,prev":[],"subBlocks,prev":[],"crt":{"o":{"s":{"_id":"vRbNXE98AY3emC5rT","s":"Draft","v":[{"i":"q","_id":"r4oZgcKFuXiGrCRzQ"}]}}},"typeParents,prev":[],"excludedTypeParents,prev":[],"enableBackSR":true,"folderOpen":true,"typeParents":["qawP2QvsyNLtMhpGB"],"excludedTypeParents":[],"parent":"rbAkiYcQtpuMHXJJq"},{"key":["python print statement is ",{"i":"m","q":true,"text":"print(\"Hello World\")"}],"owner":null,"children":[],"subBlocks":[],"portalsIn":["mGFsZbGgtbe9293Hs","SP2jbYS4AnfsDcq3b"],"createdAt":1629729681760,"u":1629730557440,"_id":"5sBxBdnyRkEtcDZRC","srcRemId":"sXQqTwhtxfKeq6ALC","srcRemC":"a/fakeImportArticle0.11602723010232108","portalsIn,prev":[],"p":null,"enableBackSR":false,"parent":"mGFsZbGgtbe9293Hs","subBlocks,prev":[],"excludedTypeParents":[],"excludedTypeParents,prev":[]},{"key":[],"owner":null,"children":[],"subBlocks":[],"portalsIn":["WSKpq6K35YMcGEyfa"],"createdAt":1629728946811,"u":1629730557452,"_id":"6RRvQawhrXtaFvYhf","srcRemId":"uZhFdNQzK5Y5oFaH4","srcRemC":"a/fakeImportArticle0.11602723010232108","portalsIn,prev":[],"p":null,"parent":"WSKpq6K35YMcGEyfa","subBlocks,prev":[],"excludedTypeParents":[],"excludedTypeParents,prev":[]},{"key":[],"owner":null,"children":[],"subBlocks":[],"portalsIn":["T7b9kTqWqzQP68C6f"],"createdAt":1629729595469,"u":1629730557467,"_id":"6WHyAW4Wm4qhFFpqY","srcRemId":"wRuqTAKDmHcpEjixB","srcRemC":"a/fakeImportArticle0.11602723010232108","portalsIn,prev":[],"p":null,"parent":"T7b9kTqWqzQP68C6f","subBlocks,prev":[],"excludedTypeParents":[],"excludedTypeParents,prev":[]},{"key":["Test File (Level 2) 3.2"],"owner":null,"children":["o8tgW7a5YbRqotjeC","zLnr3HH3iQHSKbk5N","B3kBpyxfXt3N69Gn7","twdhwebeBWGjMjkRw"],"subBlocks":["twdhwebeBWGjMjkRw","3yucBcLX5QzJ5rm7t","zLnr3HH3iQHSKbk5N","o8tgW7a5YbRqotjeC"],"portalsIn":["Ko3s5GhN7m8yg35NF","v9PdcKd5sHAxjdEEh"],"createdAt":1629728741261,"u":1629730557485,"_id":"7RhRwAdX9gPT6E8sD","srcRemId":"TABsg4RNDBEqLEe5T","srcRemC":"a/fakeImportArticle0.11602723010232108","portalsIn,prev":[],"p":null,"docUpdated":1629728792609,"children,prev":[],"subBlocks,prev":[],"crt":{"o":{"s":{"_id":"B3kBpyxfXt3N69Gn7","s":"Draft","v":[{"i":"q","_id":"r4oZgcKFuXiGrCRzQ"}]}}},"typeParents,prev":[],"excludedTypeParents,prev":[],"enableBackSR":true,"selectedInSearch":2,"searchAliases":[{"r":[" Test"]},{"r":[" file"]}],"references,prev":[],"rsp,prev":[],"references":[{"q":"Z2keCTcsSejvwPGH4","f":"key"},{"q":"chmEDGmwF84MP4ZJz","f":"key"},{"q":"iLguwG9g8Bxozbtdk","f":"key"},{"q":"twdhwebeBWGjMjkRw","f":"key"},{"q":"28fwkd6YNMfSPvfLR","f":"key"},{"q":"SYxxTssKbrayaDwNP","f":"key"}],"typeParents":["qawP2QvsyNLtMhpGB"],"excludedTypeParents":[],"parent":"v9PdcKd5sHAxjdEEh","rsp":["twdhwebeBWGjMjkRw"]},{"key":["Color"],"owner":null,"children":["c4qZJ8zLSnJ4KzXgj"],"subBlocks":["c4qZJ8zLSnJ4KzXgj"],"portalsIn":["zSYNsk4WpK6adGrKt"],"createdAt":1629730529243,"u":1629730557262,"_id":"7Tsoh34j3hkMkkDTv","type":3,"rcrs":"h.c","portalsIn,prev":[],"p":null,"parent":"zSYNsk4WpK6adGrKt","typeChildren":["c4qZJ8zLSnJ4KzXgj","JMkQeuCN9THyTBfXC"],"typeChildren,prev":[],"children,prev":[],"subBlocks,prev":[],"references":[{"q":"pP8pH7LpGpkb4B3BQ","f":"key"},{"q":"JMkQeuCN9THyTBfXC","f":"key"}],"references,prev":[],"excludedTypeParents":[],"excludedTypeParents,prev":[]},{"key":["Test Folder (Level 1)"],"owner":null,"children":["zk3HcswbuoHgJjtqR","WSKpq6K35YMcGEyfa","2DdNB38CYjrPRySDA"],"subBlocks":["zk3HcswbuoHgJjtqR","WSKpq6K35YMcGEyfa"],"portalsIn":["Ko3s5GhN7m8yg35NF"],"createdAt":1629728312681,"n":1,"u":1629730557485,"_id":"7ptMrhMECyuyczyCD","srcRemId":"kJd7AopmACXwKLscT","srcRemC":"a/fakeImportArticle0.11602723010232108","docUpdated":1629728312685,"children,prev":[],"subBlocks,prev":[],"crt":{"o":{"s":{"_id":"2DdNB38CYjrPRySDA","s":"Draft","v":[{"i":"q","_id":"r4oZgcKFuXiGrCRzQ"}]}}},"portalsIn,prev":[],"typeParents,prev":[],"excludedTypeParents,prev":[],"forceIsFolder":true,"enableBackSR":true,"folderOpen":true,"typeParents":["qawP2QvsyNLtMhpGB"],"excludedTypeParents":[]},{"key":[{"i":"q","_id":"EN8At62xbHgSuRF4E"}],"owner":null,"children":[],"subBlocks":[],"portalsIn":[],"createdAt":1629728700914,"u":1629730557341,"_id":"8D64dKYYYqKuBFxrY","srcRemId":"oss7u73HjKhRiuyEj","srcRemC":"a/fakeImportArticle0.11602723010232108","portalsIn,prev":[],"p":null,"value":[{"i":"q","_id":"r4oZgcKFuXiGrCRzQ"}],"type":2,"forget":true,"rcrp":"o.s","parent":"vgXyDDQCdNMP6E73d","typeParents":["EN8At62xbHgSuRF4E"],"excludedTypeParents":[],"typeParents,prev":[],"excludedTypeParents,prev":[],"subBlocks,prev":[]},{"key":[],"owner":null,"children":[],"subBlocks":[],"portalsIn":["SP2jbYS4AnfsDcq3b"],"createdAt":1629729681744,"u":1629730557398,"_id":"8R9mjgka4WeARWfqJ","srcRemId":"PECL6XPsdzeMKaf4u","srcRemC":"a/fakeImportArticle0.11602723010232108","portalsIn,prev":[],"p":null,"parent":"SP2jbYS4AnfsDcq3b","subBlocks,prev":[],"excludedTypeParents":[],"excludedTypeParents,prev":[]},{"key":[{"i":"q","_id":"dgzM3vcY4X3hLoX2x"}],"owner":null,"children":[],"subBlocks":[],"portalsIn":[],"createdAt":1629729095192,"u":1629730579382,"_id":"8mtdwepwT7AMxeCvm","srcRemId":"Esv7ovKzb5B63jbDb","srcRemC":"a/fakeImportArticle0.11602723010232108","portalsIn,prev":[],"p":null,"value":["1629657000"],"type":2,"forget":true,"rcrp":"d.s","parent":"27oqZK5jjnGb652DE","typeParents":["dgzM3vcY4X3hLoX2x"],"excludedTypeParents":[],"typeParents,prev":[],"excludedTypeParents,prev":[],"subBlocks,prev":[]},{"key":[{"i":"o","text":"console.log(\"Hello World\")     "}],"owner":null,"children":[],"subBlocks":[],"portalsIn":["JWL9ZqCum4zghNAFb"],"createdAt":1629729718152,"u":1629730557358,"_id":"8p3NTfmnngg7zrXvw","srcRemId":"9HohW6uQ9pScwepfu","srcRemC":"a/fakeImportArticle0.11602723010232108","portalsIn,prev":[],"p":null,"parent":"JWL9ZqCum4zghNAFb","subBlocks,prev":[],"excludedTypeParents":[],"excludedTypeParents,prev":[]},{"key":["Sample file reference ",{"_id":"WSKpq6K35YMcGEyfa","i":"q"},""],"owner":null,"children":[],"subBlocks":[],"portalsIn":["zk3HcswbuoHgJjtqR","Dp8xAT98H5EzQ6bQk","TCHd7Q3tr7Z9DTGQQ"],"createdAt":1629728593854,"u":1629730562247,"_id":"9En8y7BQMawz5YkuK","srcRemId":"LBEDykBwFZ8bwPceG","srcRemC":"a/fakeImportArticle0.11602723010232108","portalsIn,prev":[],"p":null,"enableBackSR":true,"parent":"zk3HcswbuoHgJjtqR","subBlocks,prev":[],"excludedTypeParents":[],"excludedTypeParents,prev":[]},{"key":["H1"],"owner":null,"children":[],"subBlocks":[],"portalsIn":["WBGJDxygM3zJyKg3N"],"createdAt":1629730556408,"u":1629730557340,"_id":"9SNMnrBRwej5q8acn","rcre":"r.s.H1","typeParents":["WBGJDxygM3zJyKg3N"],"excludedTypeParents":[],"typeParents,prev":[],"excludedTypeParents,prev":[],"portalsIn,prev":[],"p":null,"parent":"WBGJDxygM3zJyKg3N","references":[{"q":"prh5woTF3qYqs7iDG","f":"value"},{"q":"at3sYMx5g3yRswNCY","f":"value"}],"references,prev":[],"subBlocks,prev":[]},{"key":[],"owner":null,"children":[],"subBlocks":[],"portalsIn":["WSKpq6K35YMcGEyfa"],"createdAt":1629729492357,"u":1629730557293,"_id":"9foL34Wfh9Z8Q9vs6","srcRemId":"CbpYzNgsC5mKowFec","srcRemC":"a/fakeImportArticle0.11602723010232108","portalsIn,prev":[],"p":null,"parent":"WSKpq6K35YMcGEyfa","subBlocks,prev":[],"excludedTypeParents":[],"excludedTypeParents,prev":[]},{"key":[],"owner":null,"children":[],"subBlocks":["SYxxTssKbrayaDwNP"],"portalsIn":["twdhwebeBWGjMjkRw"],"createdAt":1629730557100,"u":1629730557101,"_id":"AeZLZLeuAa8GdapFp","type":6,"t":"SP2jbYS4AnfsDcq3b1629729643289","portalsIn,prev":[],"p":null,"parent":"twdhwebeBWGjMjkRw","subBlocks,prev":[]},{"key":[],"owner":null,"children":[],"subBlocks":[],"portalsIn":["SP2jbYS4AnfsDcq3b"],"createdAt":1629729681755,"u":1629730557470,"_id":"AoFtjBDvi5vgTFWpp","srcRemId":"yBW6vb59EWvrJ2crw","srcRemC":"a/fakeImportArticle0.11602723010232108","portalsIn,prev":[],"p":null,"parent":"SP2jbYS4AnfsDcq3b","subBlocks,prev":[],"excludedTypeParents":[],"excludedTypeParents,prev":[]},{"key":[{"i":"q","_id":"EN8At62xbHgSuRF4E"}],"owner":null,"children":[],"subBlocks":[],"portalsIn":[],"createdAt":1629728741262,"u":1629730557466,"_id":"B3kBpyxfXt3N69Gn7","srcRemId":"vE4f7c8KCMKTSTfH4","srcRemC":"a/fakeImportArticle0.11602723010232108","portalsIn,prev":[],"p":null,"value":[{"i":"q","_id":"r4oZgcKFuXiGrCRzQ"}],"type":2,"forget":true,"rcrp":"o.s","parent":"7RhRwAdX9gPT6E8sD","typeParents":["EN8At62xbHgSuRF4E"],"excludedTypeParents":[],"typeParents,prev":[],"excludedTypeParents,prev":[],"subBlocks,prev":[]},{"key":["Sub-Child Rem 1.2.1.1"],"owner":null,"children":[],"subBlocks":[],"portalsIn":["WSKpq6K35YMcGEyfa","JrZRd3vvgvH62oa52"],"createdAt":1629728414012,"u":1629730557456,"_id":"BBtxckBJQTFrN9ckK","srcRemId":"YJ76mJo72obKTpR4i","srcRemC":"a/fakeImportArticle0.11602723010232108","portalsIn,prev":[],"p":null,"enableBackSR":true,"parent":"JrZRd3vvgvH62oa52","subBlocks,prev":[],"excludedTypeParents":[],"excludedTypeParents,prev":[]},{"key":["Automatically Sort"],"owner":null,"children":[],"subBlocks":[],"portalsIn":[],"createdAt":1629730529203,"n":1,"u":1629730557001,"_id":"BtRx4nuLL7AttH3YA","parent":null,"rcrt":"a","typeChildren":["zpMhSQGGZbNH7TbPP"],"typeChildren,prev":[],"subBlocks,prev":[],"excludedTypeParents":[],"excludedTypeParents,prev":[]},{"key":[{"i":"q","_id":"EN8At62xbHgSuRF4E"}],"owner":null,"children":[],"subBlocks":[],"portalsIn":[],"createdAt":1629730583395,"u":1629730583485,"_id":"C96P3Kn8CSvhJrFh2","portalsIn,prev":[],"p":null,"parent":"DEvBSLd79LaQba4Ss","value":[{"i":"q","_id":"r4oZgcKFuXiGrCRzQ"}],"type":2,"forget":true,"rcrp":"o.s"},{"key":["Sample Block Ref other folder ",{"_id":"zk3HcswbuoHgJjtqR","i":"q"},""],"owner":null,"children":[],"subBlocks":[],"portalsIn":["JbKrGSTggjRHcSSER","qdwX2C733CKRm3LDb","vgXyDDQCdNMP6E73d"],"createdAt":1629728799326,"u":1629730557344,"_id":"CX4nwidHLpoy7GsWN","srcRemId":"FvusTPoNSnSZLqpyk","srcRemC":"a/fakeImportArticle0.11602723010232108","portalsIn,prev":[],"p":null,"enableBackSR":true,"parent":"vgXyDDQCdNMP6E73d","subBlocks,prev":[],"excludedTypeParents":[],"excludedTypeParents,prev":[]},{"key":[],"owner":null,"children":[],"subBlocks":["28fwkd6YNMfSPvfLR"],"portalsIn":["twdhwebeBWGjMjkRw"],"createdAt":1629730556387,"u":1629730557032,"_id":"CkkxsdShyemebYXWw","type":6,"t":"WSKpq6K35YMcGEyfa1629728848763","portalsIn,prev":[],"p":null,"parent":"twdhwebeBWGjMjkRw","subBlocks,prev":[]},{"key":["Highlight ",{"i":"m","h":5,"text":"Purple"}],"owner":null,"children":[],"subBlocks":[],"portalsIn":["SP2jbYS4AnfsDcq3b"],"createdAt":1629729681751,"u":1629730557395,"_id":"CpTcFuP3zFWoWzxht","srcRemId":"PuiFH4hgKd24hHytx","srcRemC":"a/fakeImportArticle0.11602723010232108","portalsIn,prev":[],"p":null,"enableBackSR":true,"parent":"SP2jbYS4AnfsDcq3b","subBlocks,prev":[],"excludedTypeParents":[],"excludedTypeParents,prev":[]},{"key":["Test file in Daily documents folder"],"owner":null,"children":["C96P3Kn8CSvhJrFh2","JRy5uDgFoBBEDeRvK"],"subBlocks":["JRy5uDgFoBBEDeRvK"],"portalsIn":["Ko3s5GhN7m8yg35NF","zpMhSQGGZbNH7TbPP"],"createdAt":1629730583342,"u":1629730611852,"_id":"DEvBSLd79LaQba4Ss","docUpdated":1629730611852,"children,prev":[],"subBlocks,prev":[],"crt":{"o":{"s":{"_id":"C96P3Kn8CSvhJrFh2","s":"Draft","v":[{"i":"q","_id":"r4oZgcKFuXiGrCRzQ"}]}}},"portalsIn,prev":[],"typeParents":["qawP2QvsyNLtMhpGB"],"excludedTypeParents":[],"typeParents,prev":[],"excludedTypeParents,prev":[],"p":null,"parent":"zpMhSQGGZbNH7TbPP","enableBackSR":true},{"key":[],"owner":null,"children":[],"subBlocks":[],"portalsIn":["zpMhSQGGZbNH7TbPP"],"createdAt":1629730179736,"u":1629730556987,"_id":"DiKWxnQobJcu7YKzu","srcRemId":"SxuuzQkeipsECg4YA","srcRemC":"a/fakeImportArticle0.11602723010232108","portalsIn,prev":[],"p":null,"parent":"zpMhSQGGZbNH7TbPP","subBlocks,prev":[],"excludedTypeParents":[],"excludedTypeParents,prev":[]},{"key":[],"owner":null,"children":[],"subBlocks":["9En8y7BQMawz5YkuK"],"portalsIn":["hPYfWomTLvL2viTez"],"createdAt":1629730562211,"u":1629730562213,"_id":"Dp8xAT98H5EzQ6bQk","type":6,"t":"zk3HcswbuoHgJjtqR1629728593854","portalsIn,prev":[],"p":null,"parent":"hPYfWomTLvL2viTez","subBlocks,prev":[]},{"key":[],"owner":null,"children":[],"subBlocks":[],"portalsIn":["SP2jbYS4AnfsDcq3b"],"createdAt":1629729680601,"u":1629730557452,"_id":"EB4oAQwgyD95AR7ne","srcRemId":"tiurX72Lavtoho6hK","srcRemC":"a/fakeImportArticle0.11602723010232108","portalsIn,prev":[],"p":null,"parent":"SP2jbYS4AnfsDcq3b","subBlocks,prev":[],"excludedTypeParents":[],"excludedTypeParents,prev":[]},{"key":["Status"],"owner":null,"children":["dmDyEhzK72EP8Yd5A","r4oZgcKFuXiGrCRzQ","RooQP3LMfGCNZrh4N"],"subBlocks":["RooQP3LMfGCNZrh4N","r4oZgcKFuXiGrCRzQ","dmDyEhzK72EP8Yd5A"],"portalsIn":["qawP2QvsyNLtMhpGB"],"createdAt":1629730529141,"u":1629730583400,"_id":"EN8At62xbHgSuRF4E","type":3,"rcrs":"o.s","portalsIn,prev":[],"p":null,"parent":"qawP2QvsyNLtMhpGB","typeChildren":["dmDyEhzK72EP8Yd5A","r4oZgcKFuXiGrCRzQ","RooQP3LMfGCNZrh4N","p4Y5syT2vMHFbpyee","vRbNXE98AY3emC5rT","WDTvg4699dXZ34Neq","dEJFTg26nCzSJr2qZ","JQLXqAkndGbBHBytE","rZsfsDuneFC3nCYfh","N2WczfNHFYTjq9CsS","2DdNB38CYjrPRySDA","8D64dKYYYqKuBFxrY","N92uDotPepGQXrxBN","RWcyLRjQwmYxPGqAA","B3kBpyxfXt3N69Gn7","rQAHZJLxhfT3dX8M2"],"typeChildren,prev":[],"children,prev":[],"subBlocks,prev":[],"references":[{"q":"rZsfsDuneFC3nCYfh","f":"key"},{"q":"N2WczfNHFYTjq9CsS","f":"key"},{"q":"B3kBpyxfXt3N69Gn7","f":"key"},{"q":"2DdNB38CYjrPRySDA","f":"key"},{"q":"N92uDotPepGQXrxBN","f":"key"},{"q":"rQAHZJLxhfT3dX8M2","f":"key"},{"q":"WDTvg4699dXZ34Neq","f":"key"},{"q":"dEJFTg26nCzSJr2qZ","f":"key"},{"q":"p4Y5syT2vMHFbpyee","f":"key"},{"q":"vRbNXE98AY3emC5rT","f":"key"},{"q":"JQLXqAkndGbBHBytE","f":"key"},{"q":"8D64dKYYYqKuBFxrY","f":"key"},{"q":"RWcyLRjQwmYxPGqAA","f":"key"},{"q":"C96P3Kn8CSvhJrFh2","f":"key"}],"references,prev":[],"excludedTypeParents":[],"excludedTypeParents,prev":[]},{"key":[{"i":"q","_id":"wvdxKFArgeySJcTgB"}],"owner":null,"children":[],"subBlocks":[],"portalsIn":[],"createdAt":1629729082830,"u":1629730557465,"_id":"EQcnYwrzRqg9hqucH","srcRemId":"6Yrtatr2pfpg3HSiL","srcRemC":"a/fakeImportArticle0.11602723010232108","portalsIn,prev":[],"p":null,"value":[{"i":"q","_id":"dCLSrBTRitwtRGcX6"}],"type":2,"forget":true,"rcrp":"t.s","parent":"uJ2KQc48BJW44jy5N","typeParents":["wvdxKFArgeySJcTgB"],"excludedTypeParents":[],"typeParents,prev":[],"excludedTypeParents,prev":[],"subBlocks,prev":[]},{"key":["Sample Rem with Tag"],"owner":null,"children":[],"subBlocks":[],"portalsIn":["WSKpq6K35YMcGEyfa"],"createdAt":1629729042631,"u":1629730557293,"_id":"FCceZrymThCCYGP72","srcRemId":"7HTtM7cyJ2XCpwT9y","srcRemC":"a/fakeImportArticle0.11602723010232108","portalsIn,prev":[],"p":null,"enableBackSR":true,"typeParents,prev":[],"excludedTypeParents,prev":[],"selectedInSearch":1,"searchAliases":[{"r":[" rem"]}],"references,prev":[],"references":[{"q":"K3mQ6tSL9RYPhSN3L","f":"key"},{"q":"n9SRF5QaF2SmFoBCA","f":"key"}],"parent":"WSKpq6K35YMcGEyfa","typeParents":["KdhgZRqGZThRY2a3a"],"excludedTypeParents":[],"subBlocks,prev":[]},{"key":["Highlight ",{"text":"Purple","h":5,"i":"m"},""],"owner":null,"children":[],"subBlocks":[],"portalsIn":["WSKpq6K35YMcGEyfa"],"createdAt":1629728968426,"u":1629730557289,"_id":"FFNFuiEb9AdTeosAJ","srcRemId":"djojfaf6kiuHdLLNg","srcRemC":"a/fakeImportArticle0.11602723010232108","portalsIn,prev":[],"p":null,"enableBackSR":true,"parent":"WSKpq6K35YMcGEyfa","subBlocks,prev":[],"excludedTypeParents":[],"excludedTypeParents,prev":[]},{"key":["Python Code Block"],"owner":null,"children":["cqyzhgziSTMSee5eg"],"subBlocks":["cqyzhgziSTMSee5eg"],"portalsIn":["SP2jbYS4AnfsDcq3b"],"createdAt":1629729727426,"u":1629730557470,"_id":"FwfDyakz5rAnbsKMa","srcRemId":"yACZqHPdNDJG84SNw","srcRemC":"a/fakeImportArticle0.11602723010232108","portalsIn,prev":[],"p":null,"children,prev":[],"subBlocks,prev":[],"enableBackSR":true,"parent":"SP2jbYS4AnfsDcq3b","excludedTypeParents":[],"excludedTypeParents,prev":[]},{"key":["Header"],"owner":null,"children":["WBGJDxygM3zJyKg3N"],"subBlocks":["WBGJDxygM3zJyKg3N"],"portalsIn":[],"createdAt":1629730556403,"n":1,"u":1629730556838,"_id":"GJoqYbFMEHvrc9SEP","parent":null,"rcrt":"r","children,prev":[],"subBlocks,prev":[],"typeChildren":["WmWsjgSSay4C7ybMi","pRkWkRxjNhDjsdYCb"],"typeChildren,prev":[],"excludedTypeParents":[],"excludedTypeParents,prev":[]},{"key":[],"owner":null,"children":[],"subBlocks":[],"portalsIn":["WSKpq6K35YMcGEyfa"],"createdAt":1629729039321,"u":1629730557293,"_id":"GLLu5L6E7ApHfKwmJ","srcRemId":"Fo8cnTmAPvrbH5Hkb","srcRemC":"a/fakeImportArticle0.11602723010232108","portalsIn,prev":[],"p":null,"parent":"WSKpq6K35YMcGEyfa","subBlocks,prev":[],"excludedTypeParents":[],"excludedTypeParents,prev":[]},{"key":[],"owner":null,"children":[],"subBlocks":[],"portalsIn":["SP2jbYS4AnfsDcq3b"],"createdAt":1629729617415,"u":1629730557448,"_id":"GNbJZfP8BgExcQSq5","srcRemId":"tDCZgkpsruvyQLSuX","srcRemC":"a/fakeImportArticle0.11602723010232108","portalsIn,prev":[],"p":null,"parent":"SP2jbYS4AnfsDcq3b","subBlocks,prev":[],"excludedTypeParents":[],"excludedTypeParents,prev":[]},{"key":[],"owner":null,"children":[],"subBlocks":[],"portalsIn":["WSKpq6K35YMcGEyfa"],"createdAt":1629729042270,"u":1629730557289,"_id":"GRCMTovbjTHucEFrG","srcRemId":"N2K5eEM9d5jhRCJ72","srcRemC":"a/fakeImportArticle0.11602723010232108","portalsIn,prev":[],"p":null,"parent":"WSKpq6K35YMcGEyfa","subBlocks,prev":[],"excludedTypeParents":[],"excludedTypeParents,prev":[]},{"key":["Document Sidebar"],"owner":null,"children":["Mdy9YBiPiGYkfcu5K","Ko3s5GhN7m8yg35NF","QcCWcthKfNn6KCwes"],"subBlocks":["Mdy9YBiPiGYkfcu5K","Ko3s5GhN7m8yg35NF","QcCWcthKfNn6KCwes"],"portalsIn":[],"createdAt":1629730529134,"n":1,"u":1629730557487,"_id":"GW9CL3deG8PmhGLjK","parent":null,"rcrt":"s","children,prev":[],"subBlocks,prev":[],"excludedTypeParents":[],"excludedTypeParents,prev":[]},{"key":[{"i":"m","b":true,"text":"Bold"}," Text"],"owner":null,"children":[],"subBlocks":[],"portalsIn":["SP2jbYS4AnfsDcq3b"],"createdAt":1629729681754,"u":1629730557393,"_id":"HPaHqTeiY6JLXKZZH","srcRemId":"XLjd426eqZPbsdrjy","srcRemC":"a/fakeImportArticle0.11602723010232108","portalsIn,prev":[],"p":null,"parent":"SP2jbYS4AnfsDcq3b","subBlocks,prev":[],"excludedTypeParents":[],"excludedTypeParents,prev":[]},{"key":[{"i":"q","_id":"7Tsoh34j3hkMkkDTv"}],"owner":null,"children":[],"subBlocks":[],"portalsIn":[],"createdAt":1629728264427,"u":1629730557250,"_id":"JMkQeuCN9THyTBfXC","srcRemId":"aa2fPLQ7nWScnT4hy","srcRemC":"a/fakeImportArticle0.11602723010232108","portalsIn,prev":[],"p":null,"value":[{"i":"q","_id":"c4qZJ8zLSnJ4KzXgj"}],"type":2,"forget":true,"rcrp":"h.c","parent":"RZt6CCyx2jmMaqWdx","typeParents":["7Tsoh34j3hkMkkDTv"],"excludedTypeParents":[],"typeParents,prev":[],"excludedTypeParents,prev":[],"subBlocks,prev":[]},{"key":[{"i":"q","_id":"EN8At62xbHgSuRF4E"}],"owner":null,"children":[],"subBlocks":[],"portalsIn":[],"createdAt":1629728655733,"u":1629730557011,"_id":"JQLXqAkndGbBHBytE","srcRemId":"XdKKNBNmw6Ceenzbi","srcRemC":"a/fakeImportArticle0.11602723010232108","portalsIn,prev":[],"p":null,"value":[{"i":"q","_id":"r4oZgcKFuXiGrCRzQ"}],"type":2,"forget":true,"rcrp":"o.s","parent":"yAgRracwzoyCuusL3","typeParents":["EN8At62xbHgSuRF4E"],"excludedTypeParents":[],"typeParents,prev":[],"excludedTypeParents,prev":[],"subBlocks,prev":[]},{"key":["This is a test file"],"owner":null,"children":[],"subBlocks":[],"portalsIn":["DEvBSLd79LaQba4Ss"],"createdAt":1629730594463,"u":1629730597389,"_id":"JRy5uDgFoBBEDeRvK","portalsIn,prev":[],"p":null,"parent":"DEvBSLd79LaQba4Ss","enableBackSR":true},{"key":["JavaScript Code Block"],"owner":null,"children":["8p3NTfmnngg7zrXvw"],"subBlocks":["8p3NTfmnngg7zrXvw","JWL9ZqCum4zghNAFb"],"portalsIn":["SP2jbYS4AnfsDcq3b"],"createdAt":1629729681189,"u":1629730557399,"_id":"JWL9ZqCum4zghNAFb","srcRemId":"gRNpQggxeSwrym6D5","srcRemC":"a/fakeImportArticle0.11602723010232108","portalsIn,prev":[],"p":null,"enableBackSR":true,"children,prev":[],"subBlocks,prev":[],"parent":"SP2jbYS4AnfsDcq3b","excludedTypeParents":[],"excludedTypeParents,prev":[]},{"key":[],"owner":null,"children":[],"subBlocks":["CX4nwidHLpoy7GsWN"],"portalsIn":["ufsq7KmHMPSugrrnd"],"createdAt":1629730556804,"u":1629730557424,"_id":"JbKrGSTggjRHcSSER","type":6,"t":"vgXyDDQCdNMP6E73d1629728799326","portalsIn,prev":[],"p":null,"parent":"ufsq7KmHMPSugrrnd","subBlocks,prev":[]},{"key":["Sub-Child Rem 1.2.1"],"owner":null,"children":["BBtxckBJQTFrN9ckK","Mpvu2m29iWzSLM2Ee"],"subBlocks":["Mpvu2m29iWzSLM2Ee","BBtxckBJQTFrN9ckK"],"portalsIn":["c4yWxCFg4j9BENrtL","WSKpq6K35YMcGEyfa"],"createdAt":1629728368620,"u":1629730557456,"_id":"JrZRd3vvgvH62oa52","srcRemId":"csJYe7JWyGv8oK8rc","srcRemC":"a/fakeImportArticle0.11602723010232108","portalsIn,prev":[],"p":null,"enableBackSR":true,"children,prev":[],"subBlocks,prev":[],"selectedInSearch":1,"searchAliases":[{"r":[" sub"]}],"references,prev":[],"references":[{"q":"pFCD9sTEey9cMbunf","f":"key"},{"q":"KsGbu94gBWgTKARkC","f":"key"}],"parent":"c4yWxCFg4j9BENrtL","excludedTypeParents":[],"excludedTypeParents,prev":[]},{"key":[],"owner":null,"children":[],"subBlocks":[],"portalsIn":["zk3HcswbuoHgJjtqR"],"createdAt":1629728479861,"u":1629730557430,"_id":"KEABHReMpokG9gQzP","srcRemId":"JcvWjdn6hz3BfP2bC","srcRemC":"a/fakeImportArticle0.11602723010232108","portalsIn,prev":[],"p":null,"parent":"zk3HcswbuoHgJjtqR","subBlocks,prev":[],"excludedTypeParents":[],"excludedTypeParents,prev":[]},{"key":["Sample DONE"],"owner":null,"children":["3suquQhxXivYXE4nS","ico9PoMq9T7RZKhLv"],"subBlocks":[],"portalsIn":["SP2jbYS4AnfsDcq3b"],"createdAt":1629729681777,"u":1629730557390,"_id":"KMcsBxZj9inbJPimk","srcRemId":"FRtz89uKhZMCJm2CG","srcRemC":"a/fakeImportArticle0.11602723010232108","portalsIn,prev":[],"p":null,"enableBackSR":true,"children,prev":[],"subBlocks,prev":[],"crt":{"t":{"s":{"_id":"ico9PoMq9T7RZKhLv","s":"Finished","v":[{"i":"q","_id":"dCLSrBTRitwtRGcX6"}]}}},"typeParents,prev":[],"excludedTypeParents,prev":[],"typeParents":["Sj9Ljm5dq9zvLBHzN"],"excludedTypeParents":[],"parent":"SP2jbYS4AnfsDcq3b"},{"key":["SampleTag1"],"owner":null,"children":[],"subBlocks":[],"portalsIn":[],"createdAt":1629729054047,"n":1,"u":1629730556849,"_id":"KdhgZRqGZThRY2a3a","srcRemId":"KcWbfN5P6gzhyb2B7","srcRemC":"a/fakeImportArticle0.11602723010232108","type":1,"typeParents,prev":[],"excludedTypeParents,prev":[],"typeChildren,prev":[],"typeChildren":["FCceZrymThCCYGP72","diZQ4D4w7w8aTwCbk"],"typeParents":["XenE5xe2DW4H9hxvR"],"excludedTypeParents":[],"subBlocks,prev":[]},{"key":[],"owner":null,"children":[],"subBlocks":[],"portalsIn":["SP2jbYS4AnfsDcq3b"],"createdAt":1629729681768,"u":1629730557390,"_id":"Kj9ztRmt5keM6jWoB","srcRemId":"pb8bLfGRxCWXL3oaf","srcRemC":"a/fakeImportArticle0.11602723010232108","portalsIn,prev":[],"p":null,"parent":"SP2jbYS4AnfsDcq3b","subBlocks,prev":[],"excludedTypeParents":[],"excludedTypeParents,prev":[]},{"key":[{"i":"q","_id":"r4oZgcKFuXiGrCRzQ"}],"owner":null,"children":[],"subBlocks":["DEvBSLd79LaQba4Ss","T7b9kTqWqzQP68C6f","27oqZK5jjnGb652DE","zpMhSQGGZbNH7TbPP","7RhRwAdX9gPT6E8sD","vgXyDDQCdNMP6E73d","v9PdcKd5sHAxjdEEh","yAgRracwzoyCuusL3","4hvajT4EBL2cXhRFP","rbAkiYcQtpuMHXJJq","zk3HcswbuoHgJjtqR","WSKpq6K35YMcGEyfa","7ptMrhMECyuyczyCD","SP2jbYS4AnfsDcq3b"],"portalsIn":["GW9CL3deG8PmhGLjK"],"createdAt":1629728264341,"u":1629730583400,"_id":"Ko3s5GhN7m8yg35NF","srcRemId":"LTKqS2cLhNBShEun4","srcRemC":"a/fakeImportArticle0.11602723010232108","type":6,"portalType":4,"cp":true,"folderOpen":true,"portalsIn,prev":[],"p":null,"searchResults,prev":[],"subBlocks,prev":[],"parent":"GW9CL3deG8PmhGLjK","searchResults":["SP2jbYS4AnfsDcq3b","7ptMrhMECyuyczyCD","WSKpq6K35YMcGEyfa","zk3HcswbuoHgJjtqR","rbAkiYcQtpuMHXJJq","4hvajT4EBL2cXhRFP","yAgRracwzoyCuusL3","v9PdcKd5sHAxjdEEh","vgXyDDQCdNMP6E73d","7RhRwAdX9gPT6E8sD","zpMhSQGGZbNH7TbPP","27oqZK5jjnGb652DE","T7b9kTqWqzQP68C6f","DEvBSLd79LaQba4Ss"],"excludedTypeParents":[],"excludedTypeParents,prev":[]},{"key":["Sample Block Reference: ",{"_id":"JrZRd3vvgvH62oa52","i":"q"},""],"owner":null,"children":[],"subBlocks":[],"portalsIn":["zk3HcswbuoHgJjtqR"],"createdAt":1629728492545,"u":1629730557430,"_id":"KsGbu94gBWgTKARkC","srcRemId":"pFCD9sTEey9cMbunf","srcRemC":"a/fakeImportArticle0.11602723010232108","portalsIn,prev":[],"p":null,"parent":"zk3HcswbuoHgJjtqR","subBlocks,prev":[],"excludedTypeParents":[],"excludedTypeParents,prev":[]},{"key":[{"text":"Bold","b":true,"i":"m"}," Text"],"owner":null,"children":[],"subBlocks":[],"portalsIn":["WSKpq6K35YMcGEyfa"],"createdAt":1629729026694,"u":1629730557314,"_id":"LCjhLrrWeP4ahhtXE","srcRemId":"mohWHMpSHe3xozg4B","srcRemC":"a/fakeImportArticle0.11602723010232108","portalsIn,prev":[],"p":null,"parent":"WSKpq6K35YMcGEyfa","subBlocks,prev":[],"excludedTypeParents":[],"excludedTypeParents,prev":[]},{"key":["![]()"],"owner":null,"children":[],"subBlocks":[],"portalsIn":["zk3HcswbuoHgJjtqR"],"createdAt":1629729287724,"u":1629730557426,"_id":"LvocZbJB6AwkhSCe9","srcRemId":"ZBc9NJ6JYkqKPR8AQ","srcRemC":"a/fakeImportArticle0.11602723010232108","portalsIn,prev":[],"p":null,"enableBackSR":true,"parent":"zk3HcswbuoHgJjtqR","subBlocks,prev":[],"excludedTypeParents":[],"excludedTypeParents,prev":[]},{"key":["This is another test file without any folder"],"owner":null,"children":[],"subBlocks":[],"portalsIn":["T7b9kTqWqzQP68C6f"],"createdAt":1629729567005,"u":1629730557339,"_id":"M4HQJnoFM4Ts8s2vd","srcRemId":"pgfSzJQzJsDNnD8xq","srcRemC":"a/fakeImportArticle0.11602723010232108","portalsIn,prev":[],"p":null,"enableBackSR":true,"parent":"T7b9kTqWqzQP68C6f","subBlocks,prev":[],"excludedTypeParents":[],"excludedTypeParents,prev":[]},{"key":[{"i":"q","_id":"RooQP3LMfGCNZrh4N"}],"owner":null,"children":[],"subBlocks":[],"portalsIn":["GW9CL3deG8PmhGLjK"],"createdAt":1629728264354,"u":1629730557487,"_id":"Mdy9YBiPiGYkfcu5K","srcRemId":"jXhYsh3e8tSLiHnZa","srcRemC":"a/fakeImportArticle0.11602723010232108","type":6,"portalType":4,"cp":true,"folderOpen":true,"portalsIn,prev":[],"p":null,"searchResults,prev":[],"subBlocks,prev":[],"parent":"GW9CL3deG8PmhGLjK","excludedTypeParents":[],"excludedTypeParents,prev":[]},{"key":[],"owner":null,"children":[],"subBlocks":[],"portalsIn":["WSKpq6K35YMcGEyfa","JrZRd3vvgvH62oa52"],"createdAt":1629728434306,"u":1629730557456,"_id":"Mpvu2m29iWzSLM2Ee","srcRemId":"LkxNTB2K5YobTSuJa","srcRemC":"a/fakeImportArticle0.11602723010232108","portalsIn,prev":[],"p":null,"parent":"JrZRd3vvgvH62oa52","subBlocks,prev":[],"excludedTypeParents":[],"excludedTypeParents,prev":[]},{"key":[{"i":"q","_id":"EN8At62xbHgSuRF4E"}],"owner":null,"children":[],"subBlocks":[],"portalsIn":[],"createdAt":1629728663505,"u":1629730557058,"_id":"N2WczfNHFYTjq9CsS","srcRemId":"aaxx5fGEhQTZTbmXo","srcRemC":"a/fakeImportArticle0.11602723010232108","portalsIn,prev":[],"p":null,"value":[{"i":"q","_id":"r4oZgcKFuXiGrCRzQ"}],"type":2,"forget":true,"rcrp":"o.s","parent":"v9PdcKd5sHAxjdEEh","typeParents":["EN8At62xbHgSuRF4E"],"excludedTypeParents":[],"typeParents,prev":[],"excludedTypeParents,prev":[],"subBlocks,prev":[]},{"key":[{"i":"q","_id":"EN8At62xbHgSuRF4E"}],"owner":null,"children":[],"subBlocks":[],"portalsIn":[],"createdAt":1629728327457,"u":1629730557446,"_id":"N92uDotPepGQXrxBN","srcRemId":"siaoL849r5FGmNgqL","srcRemC":"a/fakeImportArticle0.11602723010232108","portalsIn,prev":[],"p":null,"value":[{"i":"q","_id":"r4oZgcKFuXiGrCRzQ"}],"type":2,"forget":true,"rcrp":"o.s","parent":"WSKpq6K35YMcGEyfa","typeParents":["EN8At62xbHgSuRF4E"],"excludedTypeParents":[],"typeParents,prev":[],"excludedTypeParents,prev":[],"subBlocks,prev":[]},{"key":[],"owner":null,"children":[],"subBlocks":["fMsrzMpYA9NMosagt"],"portalsIn":["ufsq7KmHMPSugrrnd"],"createdAt":1629730556803,"u":1629730557424,"_id":"NbeHoHYzJFdFnJXmk","type":6,"t":"T7b9kTqWqzQP68C6f1629729599201","portalsIn,prev":[],"p":null,"parent":"ufsq7KmHMPSugrrnd","subBlocks,prev":[]},{"key":["Sample Quote"],"owner":null,"children":["jycp4jJTEGq9TKGhg"],"subBlocks":["jycp4jJTEGq9TKGhg"],"portalsIn":["SP2jbYS4AnfsDcq3b"],"createdAt":1629729681756,"u":1629730557405,"_id":"Ngk8Satjjdw2XmMz8","srcRemId":"iyTBTyXi9RdBCnj6s","srcRemC":"a/fakeImportArticle0.11602723010232108","portalsIn,prev":[],"p":null,"enableBackSR":true,"children,prev":[],"subBlocks,prev":[],"parent":"SP2jbYS4AnfsDcq3b","excludedTypeParents":[],"excludedTypeParents,prev":[]},{"key":["python print statement is ",{"text":"print(\"Hello World\")","q":true,"i":"m"},""],"owner":null,"children":[],"subBlocks":[],"portalsIn":["WSKpq6K35YMcGEyfa","sH7GNr7YTaya6mQ5a"],"createdAt":1629729516762,"u":1629730557468,"_id":"PEpzzrboN7uBBedb8","srcRemId":"xpXFYz4XsHunDPLg6","srcRemC":"a/fakeImportArticle0.11602723010232108","portalsIn,prev":[],"p":null,"enableBackSR":false,"parent":"sH7GNr7YTaya6mQ5a","subBlocks,prev":[],"excludedTypeParents":[],"excludedTypeParents,prev":[]},{"key":[{"i":"q","_id":"wvdxKFArgeySJcTgB"}],"owner":null,"children":[],"subBlocks":[],"portalsIn":[],"createdAt":1629730197083,"u":1629730557245,"_id":"PvrCcNZharXjzPnKR","srcRemId":"hFEpion4KyGjRtjz5","srcRemC":"a/fakeImportArticle0.11602723010232108","portalsIn,prev":[],"p":null,"value":[{"i":"q","_id":"Qofsizzb33MTDon7x"}],"type":2,"forget":true,"rcrp":"t.s","parent":"WmWsjgSSay4C7ybMi","typeParents":["wvdxKFArgeySJcTgB"],"excludedTypeParents":[],"typeParents,prev":[],"excludedTypeParents,prev":[],"subBlocks,prev":[]},{"key":[{"i":"q","_id":"dmDyEhzK72EP8Yd5A"}],"owner":null,"children":[],"subBlocks":[],"portalsIn":["GW9CL3deG8PmhGLjK"],"createdAt":1629728264311,"u":1629730557484,"_id":"QcCWcthKfNn6KCwes","srcRemId":"5PGYR4tTsaJFALFz7","srcRemC":"a/fakeImportArticle0.11602723010232108","type":6,"portalType":4,"cp":true,"folderOpen":true,"portalsIn,prev":[],"p":null,"searchResults,prev":[],"subBlocks,prev":[],"parent":"GW9CL3deG8PmhGLjK","excludedTypeParents":[],"excludedTypeParents,prev":[]},{"key":["Unfinished"],"owner":null,"children":[],"subBlocks":[],"portalsIn":["wvdxKFArgeySJcTgB"],"createdAt":1629730556394,"u":1629730557436,"_id":"Qofsizzb33MTDon7x","rcre":"t.s.Unfinished","typeParents":["wvdxKFArgeySJcTgB"],"excludedTypeParents":[],"typeParents,prev":[],"excludedTypeParents,prev":[],"portalsIn,prev":[],"p":null,"parent":"wvdxKFArgeySJcTgB","references":[{"q":"PvrCcNZharXjzPnKR","f":"value"},{"q":"j8A24DSLinxtXADCp","f":"value"},{"q":"jnZrd4KtAb8JibfhL","f":"value"}],"references,prev":[],"subBlocks,prev":[]},{"key":["Automatically Add Template"],"owner":null,"children":[],"subBlocks":[],"portalsIn":[],"createdAt":1629730529199,"n":1,"u":1629730556599,"_id":"QyNGwXgcJqveGoSZH","parent":null,"rcrt":"m","subBlocks,prev":[],"excludedTypeParents":[],"excludedTypeParents,prev":[]},{"key":[],"owner":null,"children":[],"subBlocks":[],"portalsIn":["s8Yj75DMuq8odMEYL"],"createdAt":1629730529217,"u":1629730557489,"_id":"R3JZqEWzRE6GFvsDX","type":6,"portalType":4,"embeddedSearchId":2,"typeParents":["s8Yj75DMuq8odMEYL"],"excludedTypeParents":[],"typeParents,prev":[],"excludedTypeParents,prev":[],"crt":{"e":{}},"p":null,"parent":"s8Yj75DMuq8odMEYL","portalsIn,prev":[]},{"key":[{"i":"q","_id":"EN8At62xbHgSuRF4E"}],"owner":null,"children":[],"subBlocks":[],"portalsIn":[],"createdAt":1629729095157,"u":1629730557478,"_id":"RWcyLRjQwmYxPGqAA","srcRemId":"ur26EzdLNrNvkLQRe","srcRemC":"a/fakeImportArticle0.11602723010232108","portalsIn,prev":[],"p":null,"value":[{"i":"q","_id":"r4oZgcKFuXiGrCRzQ"}],"type":2,"forget":true,"rcrp":"o.s","parent":"27oqZK5jjnGb652DE","typeParents":["EN8At62xbHgSuRF4E"],"excludedTypeParents":[],"typeParents,prev":[],"excludedTypeParents,prev":[],"subBlocks,prev":[]},{"key":[],"owner":null,"children":[],"subBlocks":[],"portalsIn":["SP2jbYS4AnfsDcq3b"],"createdAt":1629729681753,"u":1629730557394,"_id":"RYyCPBeJs2fy3EGAC","srcRemId":"CCDrK9euH2oP2pk8i","srcRemC":"a/fakeImportArticle0.11602723010232108","portalsIn,prev":[],"p":null,"parent":"SP2jbYS4AnfsDcq3b","subBlocks,prev":[],"excludedTypeParents":[],"excludedTypeParents,prev":[]},{"key":["Message"],"owner":null,"children":["pP8pH7LpGpkb4B3BQ","JMkQeuCN9THyTBfXC"],"subBlocks":[],"portalsIn":["s8Yj75DMuq8odMEYL"],"createdAt":1629730529227,"u":1629730557250,"_id":"RZt6CCyx2jmMaqWdx","type":3,"rcrs":"e.m","portalsIn,prev":[],"p":null,"parent":"s8Yj75DMuq8odMEYL","children,prev":[],"subBlocks,prev":[],"crt":{"h":{"c":{"_id":"JMkQeuCN9THyTBfXC","s":"Red","v":[{"i":"q","_id":"c4qZJ8zLSnJ4KzXgj"}]}}},"typeParents":["zSYNsk4WpK6adGrKt"],"excludedTypeParents":[],"typeParents,prev":[],"excludedTypeParents,prev":[]},{"key":["Pinned"],"owner":null,"children":[],"subBlocks":[],"portalsIn":["EN8At62xbHgSuRF4E"],"createdAt":1629730529189,"u":1629730557487,"_id":"RooQP3LMfGCNZrh4N","rcre":"o.s.Pinned","typeParents":["EN8At62xbHgSuRF4E"],"excludedTypeParents":[],"typeParents,prev":[],"excludedTypeParents,prev":[],"portalsIn,prev":[],"p":null,"parent":"EN8At62xbHgSuRF4E","references":[{"q":"Mdy9YBiPiGYkfcu5K","f":"key"}],"rsp":["Mdy9YBiPiGYkfcu5K"],"references,prev":[],"rsp,prev":[],"subBlocks,prev":[]},{"key":["~"],"owner":null,"children":["d6QiSZgKqqoRfHAg4"],"subBlocks":["d6QiSZgKqqoRfHAg4"],"portalsIn":[],"createdAt":1629730529240,"n":1,"u":1629730556335,"_id":"SDyPwq9A8Lz4WyEcX","parent":null,"rcrt":"l","children,prev":[],"subBlocks,prev":[],"excludedTypeParents":[],"excludedTypeParents,prev":[]},{"key":["Test File1 without Folder"],"owner":null,"children":["vFypqGCtE2LnWhGef","rQAHZJLxhfT3dX8M2","GNbJZfP8BgExcQSq5","n9SRF5QaF2SmFoBCA","StmTrzYNXn3kaK5Ro","hJnYut9mZnTeJgNmQ","SYxxTssKbrayaDwNP","EB4oAQwgyD95AR7ne","rn9ntmuLxHgRiLvhs","JWL9ZqCum4zghNAFb","FwfDyakz5rAnbsKMa","8R9mjgka4WeARWfqJ","XqGxBKYc2aeY2Ekni","tzb8Wds3JYugfhmff","uGFEBww2LLnKzRJgB","hyqTJErb6T94DgGJm","zsexRLi93zBkmt7s8","CpTcFuP3zFWoWzxht","z8dEJTtWbvT2vAdXx","RYyCPBeJs2fy3EGAC","HPaHqTeiY6JLXKZZH","AoFtjBDvi5vgTFWpp","Ngk8Satjjdw2XmMz8","u2DpAys4atRnt5tai","mGFsZbGgtbe9293Hs","tDSdXFo449s7utgoz","diZQ4D4w7w8aTwCbk","Kj9ztRmt5keM6jWoB","gctYtAFsfm6NTcrKQ","KMcsBxZj9inbJPimk"],"subBlocks":["FwfDyakz5rAnbsKMa","rn9ntmuLxHgRiLvhs","KMcsBxZj9inbJPimk","gctYtAFsfm6NTcrKQ","Kj9ztRmt5keM6jWoB","diZQ4D4w7w8aTwCbk","tDSdXFo449s7utgoz","mGFsZbGgtbe9293Hs","u2DpAys4atRnt5tai","Ngk8Satjjdw2XmMz8","AoFtjBDvi5vgTFWpp","HPaHqTeiY6JLXKZZH","RYyCPBeJs2fy3EGAC","z8dEJTtWbvT2vAdXx","CpTcFuP3zFWoWzxht","zsexRLi93zBkmt7s8","hyqTJErb6T94DgGJm","uGFEBww2LLnKzRJgB","tzb8Wds3JYugfhmff","XqGxBKYc2aeY2Ekni","8R9mjgka4WeARWfqJ","JWL9ZqCum4zghNAFb","EB4oAQwgyD95AR7ne","SYxxTssKbrayaDwNP","hJnYut9mZnTeJgNmQ","StmTrzYNXn3kaK5Ro","n9SRF5QaF2SmFoBCA","GNbJZfP8BgExcQSq5","vFypqGCtE2LnWhGef","jycp4jJTEGq9TKGhg","5sBxBdnyRkEtcDZRC"],"portalsIn":["Ko3s5GhN7m8yg35NF"],"createdAt":1629728294196,"n":1,"u":1629730557485,"_id":"SP2jbYS4AnfsDcq3b","srcRemId":"r5RZM2KcYw4RLvDr2","srcRemC":"a/fakeImportArticle0.11602723010232108","docUpdated":1629729746921,"children,prev":[],"subBlocks,prev":[],"crt":{"o":{"s":{"_id":"rQAHZJLxhfT3dX8M2","s":"Draft","v":[{"i":"q","_id":"r4oZgcKFuXiGrCRzQ"}]}}},"portalsIn,prev":[],"typeParents,prev":[],"excludedTypeParents,prev":[],"enableBackSR":true,"typeParents":["qawP2QvsyNLtMhpGB"],"excludedTypeParents":[]},{"key":["File Reference 2: ",{"_id":"7RhRwAdX9gPT6E8sD","i":"q"},""],"owner":null,"children":[],"subBlocks":[],"portalsIn":["AeZLZLeuAa8GdapFp","WMLyyX7RKSZeZs6Ra","SP2jbYS4AnfsDcq3b"],"createdAt":1629729643289,"u":1629730557463,"_id":"SYxxTssKbrayaDwNP","srcRemId":"iLguwG9g8Bxozbtdk","srcRemC":"a/fakeImportArticle0.11602723010232108","portalsIn,prev":[],"p":null,"enableBackSR":true,"parent":"SP2jbYS4AnfsDcq3b","subBlocks,prev":[],"excludedTypeParents":[],"excludedTypeParents,prev":[]},{"key":[],"owner":null,"children":[],"subBlocks":[],"portalsIn":["WSKpq6K35YMcGEyfa"],"createdAt":1629728873611,"u":1629730557408,"_id":"SgEELoXSxhMCPmTr4","srcRemId":"rCe7gzeJArwQjwySJ","srcRemC":"a/fakeImportArticle0.11602723010232108","portalsIn,prev":[],"p":null,"parent":"WSKpq6K35YMcGEyfa","subBlocks,prev":[],"excludedTypeParents":[],"excludedTypeParents,prev":[]},{"key":["Todo"],"owner":null,"children":["wvdxKFArgeySJcTgB"],"subBlocks":["wvdxKFArgeySJcTgB"],"portalsIn":[],"createdAt":1629730529208,"n":1,"u":1629730557439,"_id":"Sj9Ljm5dq9zvLBHzN","parent":null,"rcrt":"t","children,prev":[],"subBlocks,prev":[],"typeChildren":["WmWsjgSSay4C7ybMi","uJ2KQc48BJW44jy5N","KMcsBxZj9inbJPimk","rof5EjqNNNu5RpnNx","pRkWkRxjNhDjsdYCb","gctYtAFsfm6NTcrKQ"],"typeChildren,prev":[],"excludedTypeParents":[],"excludedTypeParents,prev":[]},{"key":[],"owner":null,"children":[],"subBlocks":[],"portalsIn":["SP2jbYS4AnfsDcq3b"],"createdAt":1629729632528,"u":1629730557402,"_id":"StmTrzYNXn3kaK5Ro","srcRemId":"KKChDS7QzunMt9tui","srcRemC":"a/fakeImportArticle0.11602723010232108","portalsIn,prev":[],"p":null,"parent":"SP2jbYS4AnfsDcq3b","subBlocks,prev":[],"excludedTypeParents":[],"excludedTypeParents,prev":[]},{"key":["Test File 2 without Folder"],"owner":null,"children":["M4HQJnoFM4Ts8s2vd","zMsJ8b8nbSPoGr8xy","WDTvg4699dXZ34Neq","6WHyAW4Wm4qhFFpqY","fMsrzMpYA9NMosagt","cXjbh8Aa8nMJzMYka"],"subBlocks":["cXjbh8Aa8nMJzMYka","fMsrzMpYA9NMosagt","6WHyAW4Wm4qhFFpqY","zMsJ8b8nbSPoGr8xy","M4HQJnoFM4Ts8s2vd"],"portalsIn":["Ko3s5GhN7m8yg35NF"],"createdAt":1629729558178,"n":1,"u":1629730557485,"_id":"T7b9kTqWqzQP68C6f","srcRemId":"mPkAFKfRqQresvhvg","srcRemC":"a/fakeImportArticle0.11602723010232108","docUpdated":1629729611875,"children,prev":[],"subBlocks,prev":[],"crt":{"o":{"s":{"_id":"WDTvg4699dXZ34Neq","s":"Draft","v":[{"i":"q","_id":"r4oZgcKFuXiGrCRzQ"}]}}},"portalsIn,prev":[],"typeParents,prev":[],"excludedTypeParents,prev":[],"enableBackSR":true,"typeParents":["qawP2QvsyNLtMhpGB"],"excludedTypeParents":[]},{"key":["Highlight ",{"text":"Orange","h":2,"i":"m"},""],"owner":null,"children":[],"subBlocks":[],"portalsIn":["WSKpq6K35YMcGEyfa"],"createdAt":1629728966020,"u":1629730557446,"_id":"TDqdAS5Hp6RHqBJ3x","srcRemId":"sZxZAmYgq8XN8eKsS","srcRemC":"a/fakeImportArticle0.11602723010232108","portalsIn,prev":[],"p":null,"enableBackSR":true,"parent":"WSKpq6K35YMcGEyfa","subBlocks,prev":[],"excludedTypeParents":[],"excludedTypeParents,prev":[]},{"key":["Size"],"owner":null,"children":["9SNMnrBRwej5q8acn"],"subBlocks":["9SNMnrBRwej5q8acn"],"portalsIn":["GJoqYbFMEHvrc9SEP"],"createdAt":1629730556406,"u":1629730557471,"_id":"WBGJDxygM3zJyKg3N","type":3,"rcrs":"r.s","portalsIn,prev":[],"p":null,"parent":"GJoqYbFMEHvrc9SEP","typeChildren":["9SNMnrBRwej5q8acn","at3sYMx5g3yRswNCY","prh5woTF3qYqs7iDG"],"typeChildren,prev":[],"children,prev":[],"subBlocks,prev":[],"references":[{"q":"prh5woTF3qYqs7iDG","f":"key"},{"q":"at3sYMx5g3yRswNCY","f":"key"}],"references,prev":[],"excludedTypeParents":[],"excludedTypeParents,prev":[]},{"key":[{"i":"q","_id":"EN8At62xbHgSuRF4E"}],"owner":null,"children":[],"subBlocks":[],"portalsIn":[],"createdAt":1629729558181,"u":1629730557302,"_id":"WDTvg4699dXZ34Neq","srcRemId":"N7ZPnLKj9gz39FwNY","srcRemC":"a/fakeImportArticle0.11602723010232108","portalsIn,prev":[],"p":null,"value":[{"i":"q","_id":"r4oZgcKFuXiGrCRzQ"}],"type":2,"forget":true,"rcrp":"o.s","parent":"T7b9kTqWqzQP68C6f","typeParents":["EN8At62xbHgSuRF4E"],"excludedTypeParents":[],"typeParents,prev":[],"excludedTypeParents,prev":[],"subBlocks,prev":[]},{"key":[],"owner":null,"children":[],"subBlocks":["SYxxTssKbrayaDwNP"],"portalsIn":["twdhwebeBWGjMjkRw"],"createdAt":1629729656053,"u":1629730557463,"_id":"WMLyyX7RKSZeZs6Ra","srcRemId":"v5RSTwbbpDorwZcgj","srcRemC":"a/fakeImportArticle0.11602723010232108","type":6,"t":"r5RZM2KcYw4RLvDr21629729643289","portalsIn,prev":[],"p":null,"subBlocks,prev":[],"parent":"twdhwebeBWGjMjkRw","excludedTypeParents":[],"excludedTypeParents,prev":[]},{"key":["Test File 1.1"],"owner":null,"children":["qh7yKcps6dyDsERfr","zwmSZfcNjPjxh5o8X","28fwkd6YNMfSPvfLR","N92uDotPepGQXrxBN","hPYfWomTLvL2viTez","SgEELoXSxhMCPmTr4","r77BkJnqqmEeYLASE","XqFHpz389CAxpmuhx","ukvmqjz7Brip6R8bF","6RRvQawhrXtaFvYhf","mMSaMeWJXAyYeKZ4o","TDqdAS5Hp6RHqBJ3x","odymnvcwsHBzcas3d","xATcdz5uDAzLm573b","XNcu2yn5QbBWneZN4","FFNFuiEb9AdTeosAJ","ZzQPbvbLbbLEhDvbi","tTXkCRqQvwpBTkizf","LCjhLrrWeP4ahhtXE","ZytLs9cgDRP7k6j5q","mPCtYYweGNaCnDAE2","GRCMTovbjTHucEFrG","sH7GNr7YTaya6mQ5a","9foL34Wfh9Z8Q9vs6","FCceZrymThCCYGP72","GLLu5L6E7ApHfKwmJ","rof5EjqNNNu5RpnNx","uJ2KQc48BJW44jy5N"],"subBlocks":["oktpsLFZiK5aA95vH","PEpzzrboN7uBBedb8","sH7GNr7YTaya6mQ5a","9foL34Wfh9Z8Q9vs6","gcJm9c85Fy5gzA8vS","mPCtYYweGNaCnDAE2","uJ2KQc48BJW44jy5N","XqFHpz389CAxpmuhx","rof5EjqNNNu5RpnNx","FCceZrymThCCYGP72","GRCMTovbjTHucEFrG","ZytLs9cgDRP7k6j5q","GLLu5L6E7ApHfKwmJ","LCjhLrrWeP4ahhtXE","tTXkCRqQvwpBTkizf","ZzQPbvbLbbLEhDvbi","FFNFuiEb9AdTeosAJ","XNcu2yn5QbBWneZN4","xATcdz5uDAzLm573b","odymnvcwsHBzcas3d","TDqdAS5Hp6RHqBJ3x","mMSaMeWJXAyYeKZ4o","6RRvQawhrXtaFvYhf","ukvmqjz7Brip6R8bF","r77BkJnqqmEeYLASE","SgEELoXSxhMCPmTr4","28fwkd6YNMfSPvfLR","hPYfWomTLvL2viTez","BBtxckBJQTFrN9ckK","zwmSZfcNjPjxh5o8X","Mpvu2m29iWzSLM2Ee","JrZRd3vvgvH62oa52","oJxrwr6WFd2c5QqNY","c4yWxCFg4j9BENrtL","XGJGQrJkSZ9RifbW4","sCaoTkXvLCP3RLeLn","qh7yKcps6dyDsERfr"],"portalsIn":["Ko3s5GhN7m8yg35NF","7ptMrhMECyuyczyCD"],"createdAt":1629728327455,"u":1629730557485,"_id":"WSKpq6K35YMcGEyfa","srcRemId":"dTgxSDGZnK89koWBk","srcRemC":"a/fakeImportArticle0.11602723010232108","portalsIn,prev":[],"p":null,"docUpdated":1629729548750,"children,prev":[],"subBlocks,prev":[],"crt":{"o":{"s":{"_id":"N92uDotPepGQXrxBN","s":"Draft","v":[{"i":"q","_id":"r4oZgcKFuXiGrCRzQ"}]}}},"typeParents,prev":[],"excludedTypeParents,prev":[],"enableBackSR":true,"selectedInSearch":1,"searchAliases":[{"r":[" Te"]}],"references,prev":[],"rsp,prev":[],"references":[{"q":"LBEDykBwFZ8bwPceG","f":"key"},{"q":"Y4qQRLDuNNM8wHmYE","f":"key"},{"q":"9En8y7BQMawz5YkuK","f":"key"},{"q":"hPYfWomTLvL2viTez","f":"key"}],"typeParents":["qawP2QvsyNLtMhpGB"],"excludedTypeParents":[],"parent":"7ptMrhMECyuyczyCD","rsp":["hPYfWomTLvL2viTez"]},{"key":["Snippet - Enabled"],"owner":null,"children":["uNZoHdvf3EB6xYMqF","PvrCcNZharXjzPnKR","prh5woTF3qYqs7iDG"],"subBlocks":["uNZoHdvf3EB6xYMqF"],"portalsIn":["kiZiET6irH4yLL6yC"],"createdAt":1629730197073,"u":1629730556943,"_id":"WmWsjgSSay4C7ybMi","srcRemId":"5MgTd6JLLBMHm9MME","srcRemC":"a/fakeImportArticle0.11602723010232108","children,prev":[],"subBlocks,prev":[],"crt":{"r":{"s":{"_id":"prh5woTF3qYqs7iDG","s":"H1","v":[{"i":"q","_id":"9SNMnrBRwej5q8acn"}]}},"t":{"s":{"_id":"PvrCcNZharXjzPnKR","s":"Unfinished","v":[{"i":"q","_id":"Qofsizzb33MTDon7x"}]}}},"typeParents,prev":[],"excludedTypeParents,prev":[],"portalsIn,prev":[],"p":null,"typeParents":["GJoqYbFMEHvrc9SEP","Sj9Ljm5dq9zvLBHzN"],"excludedTypeParents":[],"parent":"kiZiET6irH4yLL6yC"},{"key":[{"i":"o","language":"css","text":"/* This is just a sample CSS */ \nbody{\nbackground-color: black;\n}"}],"owner":null,"children":[],"subBlocks":[],"portalsIn":["kiZiET6irH4yLL6yC","pRkWkRxjNhDjsdYCb"],"createdAt":1629730280141,"u":1629730557297,"_id":"WruxzcioyGZBgo24T","srcRemId":"kyjrTGgaxrzWDqiyF","srcRemC":"a/fakeImportArticle0.11602723010232108","portalsIn,prev":[],"p":null,"parent":"pRkWkRxjNhDjsdYCb","subBlocks,prev":[],"excludedTypeParents":[],"excludedTypeParents,prev":[]},{"key":["Sub-Child Rem 1.1.2"],"owner":null,"children":[],"subBlocks":[],"portalsIn":["WSKpq6K35YMcGEyfa","sCaoTkXvLCP3RLeLn"],"createdAt":1629728359352,"u":1629730557454,"_id":"XGJGQrJkSZ9RifbW4","srcRemId":"6ZeY2BprF2FhicMhf","srcRemC":"a/fakeImportArticle0.11602723010232108","portalsIn,prev":[],"p":null,"enableBackSR":true,"parent":"sCaoTkXvLCP3RLeLn","subBlocks,prev":[],"excludedTypeParents":[],"excludedTypeParents,prev":[]},{"key":["Highlight ",{"text":"Blue","h":6,"i":"m"},""],"owner":null,"children":[],"subBlocks":[],"portalsIn":["WSKpq6K35YMcGEyfa"],"createdAt":1629728967797,"u":1629730557447,"_id":"XNcu2yn5QbBWneZN4","srcRemId":"t5S2awQ77ruWYqsoh","srcRemC":"a/fakeImportArticle0.11602723010232108","portalsIn,prev":[],"p":null,"enableBackSR":true,"parent":"WSKpq6K35YMcGEyfa","subBlocks,prev":[],"excludedTypeParents":[],"excludedTypeParents,prev":[]},{"key":["Stub"],"owner":null,"children":[],"subBlocks":[],"portalsIn":[],"createdAt":1629729054072,"n":1,"u":1629730557321,"_id":"XenE5xe2DW4H9hxvR","srcRemId":"nqpwc7cYKH3e4qP2F","srcRemC":"a/fakeImportArticle0.11602723010232108","typeChildren,prev":[],"typeChildren":["KdhgZRqGZThRY2a3a"],"subBlocks,prev":[],"excludedTypeParents":[],"excludedTypeParents,prev":[]},{"key":[{"i":"o","language":null,"text":"console.log(\"Hello World\")"},""],"owner":null,"children":[],"subBlocks":[],"portalsIn":["WSKpq6K35YMcGEyfa"],"createdAt":1629728892741,"u":1629730557288,"_id":"XqFHpz389CAxpmuhx","srcRemId":"gBwjCDGziMHDyRqfg","srcRemC":"a/fakeImportArticle0.11602723010232108","portalsIn,prev":[],"p":null,"parent":"WSKpq6K35YMcGEyfa","subBlocks,prev":[],"excludedTypeParents":[],"excludedTypeParents,prev":[]},{"key":["Highlight ",{"i":"m","h":1,"text":"Red"}],"owner":null,"children":[],"subBlocks":[],"portalsIn":["SP2jbYS4AnfsDcq3b"],"createdAt":1629729681745,"u":1629730557398,"_id":"XqGxBKYc2aeY2Ekni","srcRemId":"Qq4qE2yydAKmQbzK5","srcRemC":"a/fakeImportArticle0.11602723010232108","portalsIn,prev":[],"p":null,"enableBackSR":true,"parent":"SP2jbYS4AnfsDcq3b","subBlocks,prev":[],"excludedTypeParents":[],"excludedTypeParents,prev":[]},{"key":["Source"],"owner":null,"children":[],"subBlocks":[],"portalsIn":["qawP2QvsyNLtMhpGB"],"createdAt":1629730534402,"u":1629730556733,"_id":"ZGnyQWdHQxmM4cYYK","type":3,"rcrs":"o.o","portalsIn,prev":[],"p":null,"parent":"qawP2QvsyNLtMhpGB","subBlocks,prev":[],"excludedTypeParents":[],"excludedTypeParents,prev":[]},{"key":[],"owner":null,"children":[],"subBlocks":[],"portalsIn":["WSKpq6K35YMcGEyfa"],"createdAt":1629729042121,"u":1629730557315,"_id":"ZytLs9cgDRP7k6j5q","srcRemId":"nbWpGvCy9BoDs44Tu","srcRemC":"a/fakeImportArticle0.11602723010232108","portalsIn,prev":[],"p":null,"parent":"WSKpq6K35YMcGEyfa","subBlocks,prev":[],"excludedTypeParents":[],"excludedTypeParents,prev":[]},{"key":[],"owner":null,"children":[],"subBlocks":[],"portalsIn":["WSKpq6K35YMcGEyfa"],"createdAt":1629729024039,"u":1629730557289,"_id":"ZzQPbvbLbbLEhDvbi","srcRemId":"EgEM72rxiamafCwkn","srcRemC":"a/fakeImportArticle0.11602723010232108","portalsIn,prev":[],"p":null,"parent":"WSKpq6K35YMcGEyfa","subBlocks,prev":[],"excludedTypeParents":[],"excludedTypeParents,prev":[]},{"key":[{"i":"q","_id":"WBGJDxygM3zJyKg3N"}],"owner":null,"children":[],"subBlocks":[],"portalsIn":[],"createdAt":1629730280118,"u":1629730557448,"_id":"at3sYMx5g3yRswNCY","srcRemId":"tCpNvCcLPoBfAmvtm","srcRemC":"a/fakeImportArticle0.11602723010232108","portalsIn,prev":[],"p":null,"value":[{"i":"q","_id":"9SNMnrBRwej5q8acn"}],"type":2,"forget":true,"rcrp":"r.s","parent":"pRkWkRxjNhDjsdYCb","typeParents":["WBGJDxygM3zJyKg3N"],"excludedTypeParents":[],"typeParents,prev":[],"excludedTypeParents,prev":[],"subBlocks,prev":[]},{"key":["Red"],"owner":null,"children":[],"subBlocks":[],"portalsIn":["7Tsoh34j3hkMkkDTv"],"createdAt":1629730529258,"u":1629730557262,"_id":"c4qZJ8zLSnJ4KzXgj","rcre":"h.c.Red","typeParents":["7Tsoh34j3hkMkkDTv"],"excludedTypeParents":[],"typeParents,prev":[],"excludedTypeParents,prev":[],"portalsIn,prev":[],"p":null,"parent":"7Tsoh34j3hkMkkDTv","references":[{"q":"pP8pH7LpGpkb4B3BQ","f":"value"},{"q":"JMkQeuCN9THyTBfXC","f":"value"}],"references,prev":[],"subBlocks,prev":[]},{"key":["Child Rem 1.2"],"owner":null,"children":["JrZRd3vvgvH62oa52"],"subBlocks":["JrZRd3vvgvH62oa52"],"portalsIn":["WSKpq6K35YMcGEyfa","qb5w8678XNhREgw8a","qh7yKcps6dyDsERfr"],"createdAt":1629728364212,"u":1629730557457,"_id":"c4yWxCFg4j9BENrtL","srcRemId":"B8o9DtEJ7L3xWbskx","srcRemC":"a/fakeImportArticle0.11602723010232108","portalsIn,prev":[],"p":null,"enableBackSR":true,"children,prev":[],"subBlocks,prev":[],"parent":"qh7yKcps6dyDsERfr","excludedTypeParents":[],"excludedTypeParents,prev":[]},{"key":[],"owner":null,"children":[],"subBlocks":[],"portalsIn":["T7b9kTqWqzQP68C6f"],"createdAt":1629729609690,"u":1629730557309,"_id":"cXjbh8Aa8nMJzMYka","srcRemId":"kEzWyJCBXpqebzAHw","srcRemC":"a/fakeImportArticle0.11602723010232108","portalsIn,prev":[],"p":null,"parent":"T7b9kTqWqzQP68C6f","subBlocks,prev":[],"excludedTypeParents":[],"excludedTypeParents,prev":[]},{"key":[{"i":"o","text":"print(\"Hello world\")"}],"owner":null,"children":[],"subBlocks":[],"portalsIn":["FwfDyakz5rAnbsKMa"],"createdAt":1629729727704,"u":1629730557470,"_id":"cqyzhgziSTMSee5eg","srcRemId":"9QHX8zGfJ8dpK9R9P","srcRemC":"a/fakeImportArticle0.11602723010232108","portalsIn,prev":[],"p":null,"parent":"FwfDyakz5rAnbsKMa","subBlocks,prev":[],"excludedTypeParents":[],"excludedTypeParents,prev":[]},{"key":["Aliases"],"owner":null,"children":[],"subBlocks":[],"portalsIn":["SDyPwq9A8Lz4WyEcX"],"createdAt":1629730529253,"u":1629730557001,"_id":"d6QiSZgKqqoRfHAg4","type":3,"rcrs":"l.a","portalsIn,prev":[],"p":null,"parent":"SDyPwq9A8Lz4WyEcX","subBlocks,prev":[],"excludedTypeParents":[],"excludedTypeParents,prev":[]},{"key":["Finished"],"owner":null,"children":[],"subBlocks":[],"portalsIn":["wvdxKFArgeySJcTgB"],"createdAt":1629730556491,"u":1629730557436,"_id":"dCLSrBTRitwtRGcX6","rcre":"t.s.Finished","typeParents":["wvdxKFArgeySJcTgB"],"excludedTypeParents":[],"typeParents,prev":[],"excludedTypeParents,prev":[],"portalsIn,prev":[],"p":null,"parent":"wvdxKFArgeySJcTgB","references":[{"q":"vvPGQRLncm2DqY3Wp","f":"value"},{"q":"EQcnYwrzRqg9hqucH","f":"value"},{"q":"3suquQhxXivYXE4nS","f":"value"},{"q":"ico9PoMq9T7RZKhLv","f":"value"},{"q":"kqHho5iYHy7Qih8TF","f":"value"}],"references,prev":[],"subBlocks,prev":[]},{"key":[{"i":"q","_id":"EN8At62xbHgSuRF4E"}],"owner":null,"children":[],"subBlocks":[],"portalsIn":[],"createdAt":1629728471691,"u":1629730557420,"_id":"dEJFTg26nCzSJr2qZ","srcRemId":"PxtSJsxpp7aQX69Cn","srcRemC":"a/fakeImportArticle0.11602723010232108","portalsIn,prev":[],"p":null,"value":[{"i":"q","_id":"r4oZgcKFuXiGrCRzQ"}],"type":2,"forget":true,"rcrp":"o.s","parent":"zk3HcswbuoHgJjtqR","typeParents":["EN8At62xbHgSuRF4E"],"excludedTypeParents":[],"typeParents,prev":[],"excludedTypeParents,prev":[],"subBlocks,prev":[]},{"key":["Timestamp"],"owner":null,"children":[],"subBlocks":[],"portalsIn":["zpMhSQGGZbNH7TbPP"],"createdAt":1629730556338,"u":1629730556976,"_id":"dgzM3vcY4X3hLoX2x","type":3,"rcrs":"d.s","portalsIn,prev":[],"p":null,"parent":"zpMhSQGGZbNH7TbPP","subBlocks,prev":[],"excludedTypeParents":[],"excludedTypeParents,prev":[],"references":[{"q":"8mtdwepwT7AMxeCvm","f":"key"}],"references,prev":[],"typeChildren":["8mtdwepwT7AMxeCvm"],"typeChildren,prev":[]},{"key":["Sample Rem with Tag"],"owner":null,"children":[],"subBlocks":[],"portalsIn":["SP2jbYS4AnfsDcq3b"],"createdAt":1629729681765,"u":1629730557391,"_id":"diZQ4D4w7w8aTwCbk","srcRemId":"DzM6L5Xh7CaKHgLcF","srcRemC":"a/fakeImportArticle0.11602723010232108","portalsIn,prev":[],"p":null,"enableBackSR":true,"typeParents,prev":[],"excludedTypeParents,prev":[],"parent":"SP2jbYS4AnfsDcq3b","typeParents":["KdhgZRqGZThRY2a3a"],"excludedTypeParents":[],"subBlocks,prev":[]},{"key":["Finished"],"owner":null,"children":[],"subBlocks":[],"portalsIn":["EN8At62xbHgSuRF4E"],"createdAt":1629730529148,"u":1629730557483,"_id":"dmDyEhzK72EP8Yd5A","rcre":"o.s.Finished","typeParents":["EN8At62xbHgSuRF4E"],"excludedTypeParents":[],"typeParents,prev":[],"excludedTypeParents,prev":[],"portalsIn,prev":[],"p":null,"parent":"EN8At62xbHgSuRF4E","references":[{"q":"QcCWcthKfNn6KCwes","f":"key"}],"rsp":["QcCWcthKfNn6KCwes"],"references,prev":[],"rsp,prev":[],"subBlocks,prev":[]},{"key":["File Reference: ",{"_id":"zk3HcswbuoHgJjtqR","i":"q"},""],"owner":null,"children":[],"subBlocks":[],"portalsIn":["NbeHoHYzJFdFnJXmk","T7b9kTqWqzQP68C6f","sER6Gs8q2K3ByZMZc"],"createdAt":1629729599201,"u":1629730557412,"_id":"fMsrzMpYA9NMosagt","srcRemId":"6S3MjWayyE2Yv7K2D","srcRemC":"a/fakeImportArticle0.11602723010232108","portalsIn,prev":[],"p":null,"enableBackSR":true,"parent":"T7b9kTqWqzQP68C6f","subBlocks,prev":[],"excludedTypeParents":[],"excludedTypeParents,prev":[]},{"key":[{"text":" This text is formatted as a quote in RemNote ","q":true,"i":"m"},""],"owner":null,"children":[],"subBlocks":[],"portalsIn":["mPCtYYweGNaCnDAE2","WSKpq6K35YMcGEyfa"],"createdAt":1629729470234,"u":1629730557289,"_id":"gcJm9c85Fy5gzA8vS","srcRemId":"dMrHQfgAQdKvdgPEu","srcRemC":"a/fakeImportArticle0.11602723010232108","portalsIn,prev":[],"p":null,"parent":"mPCtYYweGNaCnDAE2","subBlocks,prev":[],"excludedTypeParents":[],"excludedTypeParents,prev":[]},{"key":["Sample TODO"],"owner":null,"children":["jnZrd4KtAb8JibfhL"],"subBlocks":[],"portalsIn":["SP2jbYS4AnfsDcq3b"],"createdAt":1629729681770,"u":1629730557390,"_id":"gctYtAFsfm6NTcrKQ","srcRemId":"aMhu8FuJDQA4Kzi52","srcRemC":"a/fakeImportArticle0.11602723010232108","portalsIn,prev":[],"p":null,"enableBackSR":true,"children,prev":[],"subBlocks,prev":[],"crt":{"t":{"s":{"_id":"jnZrd4KtAb8JibfhL","s":"Unfinished","v":[{"i":"q","_id":"Qofsizzb33MTDon7x"}]}}},"typeParents,prev":[],"excludedTypeParents,prev":[],"typeParents":["Sj9Ljm5dq9zvLBHzN"],"excludedTypeParents":[],"parent":"SP2jbYS4AnfsDcq3b"},{"key":["File Reference: ",{"i":"q","textOfDeletedRem":["Daily Document"," | ","Test file in Daily Docs"]},""],"owner":null,"children":[],"subBlocks":[],"portalsIn":["SP2jbYS4AnfsDcq3b"],"createdAt":1629729633427,"u":1629730557402,"_id":"hJnYut9mZnTeJgNmQ","srcRemId":"Sn5EXub3NeQouGqL3","srcRemC":"a/fakeImportArticle0.11602723010232108","portalsIn,prev":[],"p":null,"enableBackSR":true,"parent":"SP2jbYS4AnfsDcq3b","subBlocks,prev":[],"excludedTypeParents":[],"excludedTypeParents,prev":[]},{"key":[{"i":"q","_id":"WSKpq6K35YMcGEyfa"}],"owner":null,"children":["Dp8xAT98H5EzQ6bQk","TCHd7Q3tr7Z9DTGQQ"],"subBlocks":["TCHd7Q3tr7Z9DTGQQ","Dp8xAT98H5EzQ6bQk"],"portalsIn":["WSKpq6K35YMcGEyfa"],"createdAt":1629728637566,"u":1629730562246,"_id":"hPYfWomTLvL2viTez","srcRemId":"Y4qQRLDuNNM8wHmYE","srcRemC":"a/fakeImportArticle0.11602723010232108","type":6,"portalsIn,prev":[],"p":null,"portalType":4,"spo":1,"embeddedSearchId":1,"subBlocks,prev":[],"children,prev":[],"searchResults,prev":[],"parent":"WSKpq6K35YMcGEyfa","searchResults":["9En8y7BQMawz5YkuK"],"excludedTypeParents":[],"excludedTypeParents,prev":[]},{"key":["Highlight ",{"i":"m","h":4,"text":"Green"}],"owner":null,"children":[],"subBlocks":[],"portalsIn":["SP2jbYS4AnfsDcq3b"],"createdAt":1629729681749,"u":1629730557396,"_id":"hyqTJErb6T94DgGJm","srcRemId":"YpzhWDg5kCgHeeTKb","srcRemC":"a/fakeImportArticle0.11602723010232108","portalsIn,prev":[],"p":null,"enableBackSR":true,"parent":"SP2jbYS4AnfsDcq3b","subBlocks,prev":[],"excludedTypeParents":[],"excludedTypeParents,prev":[]},{"key":[{"i":"q","_id":"wvdxKFArgeySJcTgB"}],"owner":null,"children":[],"subBlocks":[],"portalsIn":[],"createdAt":1629729681778,"u":1629730557388,"_id":"ico9PoMq9T7RZKhLv","srcRemId":"9qn9fCNqEEAvhjxHF","srcRemC":"a/fakeImportArticle0.11602723010232108","portalsIn,prev":[],"p":null,"value":[{"i":"q","_id":"dCLSrBTRitwtRGcX6"}],"type":2,"forget":true,"rcrp":"t.s","parent":"KMcsBxZj9inbJPimk","typeParents":["wvdxKFArgeySJcTgB"],"excludedTypeParents":[],"typeParents,prev":[],"excludedTypeParents,prev":[],"subBlocks,prev":[]},{"key":["Sample Rem"],"owner":null,"children":[],"subBlocks":[],"portalsIn":["vgXyDDQCdNMP6E73d"],"createdAt":1629728794380,"u":1629730557344,"_id":"itsz66dz4aSMfuupc","srcRemId":"DMn6H6QuZgPobScuN","srcRemC":"a/fakeImportArticle0.11602723010232108","portalsIn,prev":[],"p":null,"enableBackSR":true,"parent":"vgXyDDQCdNMP6E73d","subBlocks,prev":[],"excludedTypeParents":[],"excludedTypeParents,prev":[]},{"key":[{"i":"q","_id":"wvdxKFArgeySJcTgB"}],"owner":null,"children":[],"subBlocks":[],"portalsIn":[],"createdAt":1629729077789,"u":1629730557293,"_id":"j8A24DSLinxtXADCp","srcRemId":"e8kAHWDXba9hJY4pi","srcRemC":"a/fakeImportArticle0.11602723010232108","portalsIn,prev":[],"p":null,"value":[{"i":"q","_id":"Qofsizzb33MTDon7x"}],"type":2,"forget":true,"rcrp":"t.s","parent":"rof5EjqNNNu5RpnNx","typeParents":["wvdxKFArgeySJcTgB"],"excludedTypeParents":[],"typeParents,prev":[],"excludedTypeParents,prev":[],"subBlocks,prev":[]},{"key":[],"owner":null,"children":[],"subBlocks":[],"portalsIn":["rbAkiYcQtpuMHXJJq"],"createdAt":1629729253657,"u":1629730556767,"_id":"jB8HGQsAgbmTFA3yQ","srcRemId":"9kk4i8FRGWjNZScs2","srcRemC":"a/fakeImportArticle0.11602723010232108","portalsIn,prev":[],"p":null,"parent":"rbAkiYcQtpuMHXJJq","subBlocks,prev":[],"excludedTypeParents":[],"excludedTypeParents,prev":[]},{"key":[{"i":"q","_id":"wvdxKFArgeySJcTgB"}],"owner":null,"children":[],"subBlocks":[],"portalsIn":[],"createdAt":1629729681773,"u":1629730557466,"_id":"jnZrd4KtAb8JibfhL","srcRemId":"w63MkjohMfsHG23Jt","srcRemC":"a/fakeImportArticle0.11602723010232108","portalsIn,prev":[],"p":null,"value":[{"i":"q","_id":"Qofsizzb33MTDon7x"}],"type":2,"forget":true,"rcrp":"t.s","parent":"gctYtAFsfm6NTcrKQ","typeParents":["wvdxKFArgeySJcTgB"],"excludedTypeParents":[],"typeParents,prev":[],"excludedTypeParents,prev":[],"subBlocks,prev":[]},{"key":[{"i":"m","q":true,"text":" This text is formatted as a quote in RemNote "}],"owner":null,"children":[],"subBlocks":[],"portalsIn":["SP2jbYS4AnfsDcq3b","Ngk8Satjjdw2XmMz8"],"createdAt":1629729681757,"u":1629730557405,"_id":"jycp4jJTEGq9TKGhg","srcRemId":"a2P84YYMxKnbGRn5g","srcRemC":"a/fakeImportArticle0.11602723010232108","portalsIn,prev":[],"p":null,"parent":"Ngk8Satjjdw2XmMz8","subBlocks,prev":[],"excludedTypeParents":[],"excludedTypeParents,prev":[]},{"key":["Custom CSS"],"owner":null,"children":["WmWsjgSSay4C7ybMi","pRkWkRxjNhDjsdYCb"],"subBlocks":["pRkWkRxjNhDjsdYCb","WruxzcioyGZBgo24T","uNZoHdvf3EB6xYMqF","WmWsjgSSay4C7ybMi"],"portalsIn":[],"createdAt":1629730529126,"n":1,"u":1629730556943,"_id":"kiZiET6irH4yLL6yC","parent":null,"rcrt":"c","children,prev":[],"subBlocks,prev":[],"excludedTypeParents":[],"excludedTypeParents,prev":[]},{"key":[{"i":"q","_id":"wvdxKFArgeySJcTgB"}],"owner":null,"children":[],"subBlocks":[],"portalsIn":[],"createdAt":1629730280121,"u":1629730557240,"_id":"kqHho5iYHy7Qih8TF","srcRemId":"gHta6L5XPyk9hzoK4","srcRemC":"a/fakeImportArticle0.11602723010232108","portalsIn,prev":[],"p":null,"value":[{"i":"q","_id":"dCLSrBTRitwtRGcX6"}],"type":2,"forget":true,"rcrp":"t.s","parent":"pRkWkRxjNhDjsdYCb","typeParents":["wvdxKFArgeySJcTgB"],"excludedTypeParents":[],"typeParents,prev":[],"excludedTypeParents,prev":[],"subBlocks,prev":[]},{"key":["Inline Code: ",{"i":"m","q":true,"text":"Sample Inline code"}],"owner":null,"children":["5sBxBdnyRkEtcDZRC"],"subBlocks":["5sBxBdnyRkEtcDZRC"],"portalsIn":["SP2jbYS4AnfsDcq3b"],"createdAt":1629729681759,"u":1629730557406,"_id":"mGFsZbGgtbe9293Hs","srcRemId":"Nk3QHWE5vfLMFLzyN","srcRemC":"a/fakeImportArticle0.11602723010232108","portalsIn,prev":[],"p":null,"enableBackSR":true,"children,prev":[],"subBlocks,prev":[],"parent":"SP2jbYS4AnfsDcq3b","excludedTypeParents":[],"excludedTypeParents,prev":[]},{"key":["Highlight ",{"text":"Red","h":1,"i":"m"},""],"owner":null,"children":[],"subBlocks":[],"portalsIn":["WSKpq6K35YMcGEyfa"],"createdAt":1629728947009,"u":1629730557288,"_id":"mMSaMeWJXAyYeKZ4o","srcRemId":"hgoYY6jENDrNBbBHr","srcRemC":"a/fakeImportArticle0.11602723010232108","portalsIn,prev":[],"p":null,"enableBackSR":true,"parent":"WSKpq6K35YMcGEyfa","subBlocks,prev":[],"excludedTypeParents":[],"excludedTypeParents,prev":[]},{"key":["Sample Quote"],"owner":null,"children":["gcJm9c85Fy5gzA8vS"],"subBlocks":["gcJm9c85Fy5gzA8vS"],"portalsIn":["WSKpq6K35YMcGEyfa"],"createdAt":1629729442951,"u":1629730557289,"_id":"mPCtYYweGNaCnDAE2","srcRemId":"8sQKFHcsQKaCD7oep","srcRemC":"a/fakeImportArticle0.11602723010232108","portalsIn,prev":[],"p":null,"enableBackSR":true,"children,prev":[],"subBlocks,prev":[],"parent":"WSKpq6K35YMcGEyfa","excludedTypeParents":[],"excludedTypeParents,prev":[]},{"key":[],"owner":null,"children":[],"subBlocks":[],"portalsIn":["v9PdcKd5sHAxjdEEh"],"createdAt":1629728675533,"u":1629730557037,"_id":"mbqepbpthDRwKXzvK","srcRemId":"CbETWv7tMj4GTM2Sj","srcRemC":"a/fakeImportArticle0.11602723010232108","portalsIn,prev":[],"p":null,"parent":"v9PdcKd5sHAxjdEEh","subBlocks,prev":[],"excludedTypeParents":[],"excludedTypeParents,prev":[]},{"key":["Extra Card Detail"],"owner":null,"children":[],"subBlocks":[],"portalsIn":[],"createdAt":1629730529224,"n":1,"u":1629730557442,"_id":"n24AhvK2s8pcf3n29","parent":null,"rcrt":"x","subBlocks,prev":[],"excludedTypeParents":[],"excludedTypeParents,prev":[]},{"key":["Block Reference: ",{"_id":"FCceZrymThCCYGP72","i":"q"},""],"owner":null,"children":[],"subBlocks":[],"portalsIn":["SP2jbYS4AnfsDcq3b"],"createdAt":1629729618253,"u":1629730557403,"_id":"n9SRF5QaF2SmFoBCA","srcRemId":"K3mQ6tSL9RYPhSN3L","srcRemC":"a/fakeImportArticle0.11602723010232108","portalsIn,prev":[],"p":null,"enableBackSR":true,"parent":"SP2jbYS4AnfsDcq3b","subBlocks,prev":[],"excludedTypeParents":[],"excludedTypeParents,prev":[]},{"key":["Test Rem (Level 2) 3.2.1"],"owner":null,"children":["3yucBcLX5QzJ5rm7t"],"subBlocks":["3yucBcLX5QzJ5rm7t"],"portalsIn":["7RhRwAdX9gPT6E8sD"],"createdAt":1629728760244,"u":1629730557032,"_id":"o8tgW7a5YbRqotjeC","srcRemId":"NzXtSvgXP7f2XQBxY","srcRemC":"a/fakeImportArticle0.11602723010232108","portalsIn,prev":[],"p":null,"enableBackSR":true,"children,prev":[],"subBlocks,prev":[],"parent":"7RhRwAdX9gPT6E8sD","excludedTypeParents":[],"excludedTypeParents,prev":[]},{"key":["Sub-Child Rem 1.1.1"],"owner":null,"children":[],"subBlocks":[],"portalsIn":["sCaoTkXvLCP3RLeLn","WSKpq6K35YMcGEyfa"],"createdAt":1629728354537,"u":1629730557454,"_id":"oJxrwr6WFd2c5QqNY","srcRemId":"npiu7spGrPqNJ7QNQ","srcRemC":"a/fakeImportArticle0.11602723010232108","portalsIn,prev":[],"p":null,"enableBackSR":true,"parent":"sCaoTkXvLCP3RLeLn","subBlocks,prev":[],"excludedTypeParents":[],"excludedTypeParents,prev":[]},{"key":["Highlight ",{"text":"Yellow","h":3,"i":"m"},""],"owner":null,"children":[],"subBlocks":[],"portalsIn":["WSKpq6K35YMcGEyfa"],"createdAt":1629728966702,"u":1629730557288,"_id":"odymnvcwsHBzcas3d","srcRemId":"8ExszPaPjTF9JkPqM","srcRemC":"a/fakeImportArticle0.11602723010232108","portalsIn,prev":[],"p":null,"enableBackSR":true,"parent":"WSKpq6K35YMcGEyfa","subBlocks,prev":[],"excludedTypeParents":[],"excludedTypeParents,prev":[]},{"key":[{"i":"o","language":null,"text":"print(\"Hello world\")"},""],"owner":null,"children":[],"subBlocks":[],"portalsIn":["WSKpq6K35YMcGEyfa","ukvmqjz7Brip6R8bF"],"createdAt":1629728935128,"u":1629730557334,"_id":"oktpsLFZiK5aA95vH","srcRemId":"S42N96MfLpWXD25cQ","srcRemC":"a/fakeImportArticle0.11602723010232108","portalsIn,prev":[],"p":null,"parent":"ukvmqjz7Brip6R8bF","subBlocks,prev":[],"excludedTypeParents":[],"excludedTypeParents,prev":[]},{"key":[],"owner":null,"children":[],"subBlocks":[],"portalsIn":["zk3HcswbuoHgJjtqR"],"createdAt":1629729269462,"u":1629730557427,"_id":"otcqZoeDwjQoQiia5","srcRemId":"MkpoJz6WkwwJF9BmF","srcRemC":"a/fakeImportArticle0.11602723010232108","portalsIn,prev":[],"p":null,"enableBackSR":true,"parent":"zk3HcswbuoHgJjtqR","subBlocks,prev":[],"excludedTypeParents":[],"excludedTypeParents,prev":[]},{"key":[{"i":"q","_id":"EN8At62xbHgSuRF4E"}],"owner":null,"children":[],"subBlocks":[],"portalsIn":[],"createdAt":1629729095149,"u":1629730556974,"_id":"p4Y5syT2vMHFbpyee","srcRemId":"8amB2nwNyCXse9CNh","srcRemC":"a/fakeImportArticle0.11602723010232108","portalsIn,prev":[],"p":null,"value":[{"i":"q","_id":"r4oZgcKFuXiGrCRzQ"}],"type":2,"forget":true,"rcrp":"o.s","parent":"zpMhSQGGZbNH7TbPP","typeParents":["EN8At62xbHgSuRF4E"],"excludedTypeParents":[],"typeParents,prev":[],"excludedTypeParents,prev":[],"subBlocks,prev":[]},{"key":[{"i":"q","_id":"7Tsoh34j3hkMkkDTv"}],"owner":null,"children":[],"subBlocks":[],"portalsIn":[],"createdAt":1629730529263,"u":1629730557250,"_id":"pP8pH7LpGpkb4B3BQ","portalsIn,prev":[],"p":null,"parent":"RZt6CCyx2jmMaqWdx","value":[{"i":"q","_id":"c4qZJ8zLSnJ4KzXgj"}],"type":2,"forget":true,"rcrp":"h.c"},{"key":["Snippet - Disabled"],"owner":null,"children":["WruxzcioyGZBgo24T","kqHho5iYHy7Qih8TF","at3sYMx5g3yRswNCY"],"subBlocks":["WruxzcioyGZBgo24T"],"portalsIn":["kiZiET6irH4yLL6yC"],"createdAt":1629730280117,"u":1629730557221,"_id":"pRkWkRxjNhDjsdYCb","srcRemId":"f44wBGWFMj39bP4tC","srcRemC":"a/fakeImportArticle0.11602723010232108","children,prev":[],"subBlocks,prev":[],"crt":{"r":{"s":{"_id":"at3sYMx5g3yRswNCY","s":"H1","v":[{"i":"q","_id":"9SNMnrBRwej5q8acn"}]}},"t":{"s":{"_id":"kqHho5iYHy7Qih8TF","s":"Finished","v":[{"i":"q","_id":"dCLSrBTRitwtRGcX6"}]}}},"typeParents,prev":[],"excludedTypeParents,prev":[],"portalsIn,prev":[],"p":null,"typeParents":["GJoqYbFMEHvrc9SEP","Sj9Ljm5dq9zvLBHzN"],"excludedTypeParents":[],"parent":"kiZiET6irH4yLL6yC"},{"key":[{"i":"q","_id":"WBGJDxygM3zJyKg3N"}],"owner":null,"children":[],"subBlocks":[],"portalsIn":[],"createdAt":1629730197080,"u":1629730557472,"_id":"prh5woTF3qYqs7iDG","srcRemId":"yYSgpAjAzGgNd8isq","srcRemC":"a/fakeImportArticle0.11602723010232108","portalsIn,prev":[],"p":null,"value":[{"i":"q","_id":"9SNMnrBRwej5q8acn"}],"type":2,"forget":true,"rcrp":"r.s","parent":"WmWsjgSSay4C7ybMi","typeParents":["WBGJDxygM3zJyKg3N"],"excludedTypeParents":[],"typeParents,prev":[],"excludedTypeParents,prev":[],"subBlocks,prev":[]},{"key":["Document"],"owner":null,"children":["EN8At62xbHgSuRF4E","ZGnyQWdHQxmM4cYYK"],"subBlocks":["ZGnyQWdHQxmM4cYYK","EN8At62xbHgSuRF4E"],"portalsIn":[],"createdAt":1629730529119,"n":1,"u":1629730583401,"_id":"qawP2QvsyNLtMhpGB","parent":null,"rcrt":"o","children,prev":[],"subBlocks,prev":[],"typeChildren":["rbAkiYcQtpuMHXJJq","v9PdcKd5sHAxjdEEh","7RhRwAdX9gPT6E8sD","7ptMrhMECyuyczyCD","WSKpq6K35YMcGEyfa","SP2jbYS4AnfsDcq3b","T7b9kTqWqzQP68C6f","zk3HcswbuoHgJjtqR","4hvajT4EBL2cXhRFP","yAgRracwzoyCuusL3","vgXyDDQCdNMP6E73d","zpMhSQGGZbNH7TbPP","27oqZK5jjnGb652DE","DEvBSLd79LaQba4Ss"],"typeChildren,prev":[],"excludedTypeParents":[],"excludedTypeParents,prev":[]},{"key":[],"owner":null,"children":[],"subBlocks":["c4yWxCFg4j9BENrtL"],"portalsIn":["zk3HcswbuoHgJjtqR","yX6jPAdWDmmYFonMF"],"createdAt":1629728538940,"u":1629730557429,"_id":"qb5w8678XNhREgw8a","srcRemId":"JGHqssYsmasoMqkqP","srcRemC":"a/fakeImportArticle0.11602723010232108","portalsIn,prev":[],"p":null,"type":6,"subBlocks,prev":[],"parent":"yX6jPAdWDmmYFonMF","excludedTypeParents":[],"excludedTypeParents,prev":[]},{"key":[],"owner":null,"children":[],"subBlocks":["CX4nwidHLpoy7GsWN"],"portalsIn":["ufsq7KmHMPSugrrnd"],"createdAt":1629728819085,"u":1629730557451,"_id":"qdwX2C733CKRm3LDb","srcRemId":"ev7dpNe7bEPRT7qX2","srcRemC":"a/fakeImportArticle0.11602723010232108","type":6,"t":"qvkuAPFNQJ6dizwov1629728799326","portalsIn,prev":[],"p":null,"subBlocks,prev":[],"parent":"ufsq7KmHMPSugrrnd","excludedTypeParents":[],"excludedTypeParents,prev":[]},{"key":["Test Rem in File 1"],"owner":null,"children":["sCaoTkXvLCP3RLeLn","c4yWxCFg4j9BENrtL"],"subBlocks":["c4yWxCFg4j9BENrtL","sCaoTkXvLCP3RLeLn"],"portalsIn":["WSKpq6K35YMcGEyfa"],"createdAt":1629728333818,"u":1629730557458,"_id":"qh7yKcps6dyDsERfr","srcRemId":"utmresCcSivZ4W56F","srcRemC":"a/fakeImportArticle0.11602723010232108","portalsIn,prev":[],"p":null,"enableBackSR":true,"children,prev":[],"subBlocks,prev":[],"selectedInSearch":1,"searchAliases":[{"r":[" test"]}],"references,prev":[],"references":[{"q":"KeH3HX6HgHPKL95Mi","f":"key"},{"q":"zMsJ8b8nbSPoGr8xy","f":"key"}],"parent":"WSKpq6K35YMcGEyfa","excludedTypeParents":[],"excludedTypeParents,prev":[]},{"key":["Draft"],"owner":null,"children":[],"subBlocks":[],"portalsIn":["EN8At62xbHgSuRF4E"],"createdAt":1629730529172,"u":1629730583397,"_id":"r4oZgcKFuXiGrCRzQ","rcre":"o.s.Draft","typeParents":["EN8At62xbHgSuRF4E"],"excludedTypeParents":[],"typeParents,prev":[],"excludedTypeParents,prev":[],"portalsIn,prev":[],"p":null,"parent":"EN8At62xbHgSuRF4E","references":[{"q":"rZsfsDuneFC3nCYfh","f":"value"},{"q":"N2WczfNHFYTjq9CsS","f":"value"},{"q":"B3kBpyxfXt3N69Gn7","f":"value"},{"q":"2DdNB38CYjrPRySDA","f":"value"},{"q":"N92uDotPepGQXrxBN","f":"value"},{"q":"rQAHZJLxhfT3dX8M2","f":"value"},{"q":"WDTvg4699dXZ34Neq","f":"value"},{"q":"dEJFTg26nCzSJr2qZ","f":"value"},{"q":"p4Y5syT2vMHFbpyee","f":"value"},{"q":"vRbNXE98AY3emC5rT","f":"value"},{"q":"JQLXqAkndGbBHBytE","f":"value"},{"q":"8D64dKYYYqKuBFxrY","f":"value"},{"q":"RWcyLRjQwmYxPGqAA","f":"value"},{"q":"Ko3s5GhN7m8yg35NF","f":"key"},{"q":"C96P3Kn8CSvhJrFh2","f":"value"}],"rsp":["Ko3s5GhN7m8yg35NF"],"references,prev":[],"rsp,prev":[],"subBlocks,prev":[]},{"key":["JavaScript Code Block"],"owner":null,"children":[],"subBlocks":[],"portalsIn":["WSKpq6K35YMcGEyfa"],"createdAt":1629728915413,"u":1629730557288,"_id":"r77BkJnqqmEeYLASE","srcRemId":"8kcuWGdrzzP7vzuD5","srcRemC":"a/fakeImportArticle0.11602723010232108","portalsIn,prev":[],"p":null,"enableBackSR":true,"children,prev":[],"subBlocks,prev":[],"parent":"WSKpq6K35YMcGEyfa","excludedTypeParents":[],"excludedTypeParents,prev":[]},{"key":[{"i":"q","_id":"EN8At62xbHgSuRF4E"}],"owner":null,"children":[],"subBlocks":[],"portalsIn":[],"createdAt":1629728294197,"u":1629730557468,"_id":"rQAHZJLxhfT3dX8M2","srcRemId":"xe3LKyR9xK8pSN2EE","srcRemC":"a/fakeImportArticle0.11602723010232108","portalsIn,prev":[],"p":null,"value":[{"i":"q","_id":"r4oZgcKFuXiGrCRzQ"}],"type":2,"forget":true,"rcrp":"o.s","parent":"SP2jbYS4AnfsDcq3b","typeParents":["EN8At62xbHgSuRF4E"],"excludedTypeParents":[],"typeParents,prev":[],"excludedTypeParents,prev":[],"subBlocks,prev":[]},{"key":[{"i":"q","_id":"EN8At62xbHgSuRF4E"}],"owner":null,"children":[],"subBlocks":[],"portalsIn":[],"createdAt":1629728615767,"u":1629730557015,"_id":"rZsfsDuneFC3nCYfh","srcRemId":"YCrKnRcm9qf96YeEZ","srcRemC":"a/fakeImportArticle0.11602723010232108","portalsIn,prev":[],"p":null,"value":[{"i":"q","_id":"r4oZgcKFuXiGrCRzQ"}],"type":2,"forget":true,"rcrp":"o.s","parent":"rbAkiYcQtpuMHXJJq","typeParents":["EN8At62xbHgSuRF4E"],"excludedTypeParents":[],"typeParents,prev":[],"excludedTypeParents,prev":[],"subBlocks,prev":[]},{"key":["Test Folder 2 (Level 1)"],"owner":null,"children":["yAgRracwzoyCuusL3","4hvajT4EBL2cXhRFP","v9PdcKd5sHAxjdEEh","rZsfsDuneFC3nCYfh","jB8HGQsAgbmTFA3yQ"],"subBlocks":["jB8HGQsAgbmTFA3yQ","yAgRracwzoyCuusL3","v9PdcKd5sHAxjdEEh","4hvajT4EBL2cXhRFP"],"portalsIn":["Ko3s5GhN7m8yg35NF"],"createdAt":1629728615764,"n":1,"u":1629730557485,"_id":"rbAkiYcQtpuMHXJJq","srcRemId":"FSZgJphByrwkRxnYf","srcRemC":"a/fakeImportArticle0.11602723010232108","docUpdated":1629728615766,"children,prev":[],"subBlocks,prev":[],"crt":{"o":{"s":{"_id":"rZsfsDuneFC3nCYfh","s":"Draft","v":[{"i":"q","_id":"r4oZgcKFuXiGrCRzQ"}]}}},"portalsIn,prev":[],"typeParents,prev":[],"excludedTypeParents,prev":[],"forceIsFolder":true,"enableBackSR":true,"folderOpen":true,"typeParents":["qawP2QvsyNLtMhpGB"],"excludedTypeParents":[]},{"key":[],"owner":null,"children":[],"subBlocks":[],"portalsIn":["SP2jbYS4AnfsDcq3b"],"createdAt":1629729687343,"u":1629730557389,"_id":"rn9ntmuLxHgRiLvhs","srcRemId":"5kTw5yaDyb2sX5od5","srcRemC":"a/fakeImportArticle0.11602723010232108","portalsIn,prev":[],"p":null,"parent":"SP2jbYS4AnfsDcq3b","subBlocks,prev":[],"excludedTypeParents":[],"excludedTypeParents,prev":[]},{"key":["Sample TODO"],"owner":null,"children":["j8A24DSLinxtXADCp"],"subBlocks":[],"portalsIn":["WSKpq6K35YMcGEyfa"],"createdAt":1629729071730,"u":1629730557293,"_id":"rof5EjqNNNu5RpnNx","srcRemId":"HFgmKrKGwGrrRSSKN","srcRemC":"a/fakeImportArticle0.11602723010232108","portalsIn,prev":[],"p":null,"children,prev":[],"subBlocks,prev":[],"crt":{"t":{"s":{"_id":"j8A24DSLinxtXADCp","s":"Unfinished","v":[{"i":"q","_id":"Qofsizzb33MTDon7x"}]}}},"typeParents,prev":[],"excludedTypeParents,prev":[],"enableBackSR":true,"typeParents":["Sj9Ljm5dq9zvLBHzN"],"excludedTypeParents":[],"parent":"WSKpq6K35YMcGEyfa"},{"key":["Edit Later"],"owner":null,"children":["R3JZqEWzRE6GFvsDX","RZt6CCyx2jmMaqWdx"],"subBlocks":["RZt6CCyx2jmMaqWdx","R3JZqEWzRE6GFvsDX"],"portalsIn":[],"createdAt":1629730529215,"n":1,"u":1629730557490,"_id":"s8Yj75DMuq8odMEYL","parent":null,"rcrt":"e","typeChildren":["R3JZqEWzRE6GFvsDX"],"tcsp":["R3JZqEWzRE6GFvsDX"],"typeChildren,prev":[],"tcsp,prev":[],"children,prev":[],"subBlocks,prev":[],"excludedTypeParents":[],"excludedTypeParents,prev":[]},{"key":["Child Rem 1.1"],"owner":null,"children":["oJxrwr6WFd2c5QqNY","XGJGQrJkSZ9RifbW4"],"subBlocks":["XGJGQrJkSZ9RifbW4","oJxrwr6WFd2c5QqNY"],"portalsIn":["WSKpq6K35YMcGEyfa","qh7yKcps6dyDsERfr"],"createdAt":1629728341511,"u":1629730557458,"_id":"sCaoTkXvLCP3RLeLn","srcRemId":"XFwDPfidYejBjqRmL","srcRemC":"a/fakeImportArticle0.11602723010232108","portalsIn,prev":[],"p":null,"enableBackSR":true,"children,prev":[],"subBlocks,prev":[],"parent":"qh7yKcps6dyDsERfr","excludedTypeParents":[],"excludedTypeParents,prev":[]},{"key":[],"owner":null,"children":[],"subBlocks":["fMsrzMpYA9NMosagt"],"portalsIn":["ufsq7KmHMPSugrrnd"],"createdAt":1629729608482,"u":1629730557450,"_id":"sER6Gs8q2K3ByZMZc","srcRemId":"rwYGd7f76DvmTtGAp","srcRemC":"a/fakeImportArticle0.11602723010232108","type":6,"t":"mPkAFKfRqQresvhvg1629729599201","portalsIn,prev":[],"p":null,"subBlocks,prev":[],"parent":"ufsq7KmHMPSugrrnd","excludedTypeParents":[],"excludedTypeParents,prev":[]},{"key":["Inline Code: ",{"text":"Sample Inline code","q":true,"i":"m"},""],"owner":null,"children":["PEpzzrboN7uBBedb8"],"subBlocks":["PEpzzrboN7uBBedb8"],"portalsIn":["WSKpq6K35YMcGEyfa"],"createdAt":1629729493066,"u":1629730557325,"_id":"sH7GNr7YTaya6mQ5a","srcRemId":"oKBvFLQLLDT52dDc4","srcRemC":"a/fakeImportArticle0.11602723010232108","portalsIn,prev":[],"p":null,"enableBackSR":true,"children,prev":[],"subBlocks,prev":[],"parent":"WSKpq6K35YMcGEyfa","excludedTypeParents":[],"excludedTypeParents,prev":[]},{"key":["This is a Sample Document in Daily Documents folder"],"owner":null,"children":[],"subBlocks":[],"portalsIn":["27oqZK5jjnGb652DE"],"createdAt":1629729097363,"u":1629730557481,"_id":"t5sEpcDE6aG9ppjWY","srcRemId":"dMdeGTYBF5qy8PjTJ","srcRemC":"a/fakeImportArticle0.11602723010232108","portalsIn,prev":[],"p":null,"enableBackSR":true,"parent":"27oqZK5jjnGb652DE","subBlocks,prev":[],"excludedTypeParents":[],"excludedTypeParents,prev":[]},{"key":[],"owner":null,"children":[],"subBlocks":[],"portalsIn":["SP2jbYS4AnfsDcq3b"],"createdAt":1629729681764,"u":1629730557391,"_id":"tDSdXFo449s7utgoz","srcRemId":"nr3mFc7CftSHx9s5i","srcRemC":"a/fakeImportArticle0.11602723010232108","portalsIn,prev":[],"p":null,"parent":"SP2jbYS4AnfsDcq3b","subBlocks,prev":[],"excludedTypeParents":[],"excludedTypeParents,prev":[]},{"key":[],"owner":null,"children":[],"subBlocks":[],"portalsIn":["WSKpq6K35YMcGEyfa"],"createdAt":1629729026568,"u":1629730557289,"_id":"tTXkCRqQvwpBTkizf","srcRemId":"9EWoDgR3QiG9EdFRq","srcRemC":"a/fakeImportArticle0.11602723010232108","portalsIn,prev":[],"p":null,"parent":"WSKpq6K35YMcGEyfa","subBlocks,prev":[],"excludedTypeParents":[],"excludedTypeParents,prev":[]},{"key":[{"i":"q","_id":"7RhRwAdX9gPT6E8sD"}],"owner":null,"children":["AeZLZLeuAa8GdapFp","CkkxsdShyemebYXWw","WMLyyX7RKSZeZs6Ra"],"subBlocks":["WMLyyX7RKSZeZs6Ra","AeZLZLeuAa8GdapFp","CkkxsdShyemebYXWw"],"portalsIn":["7RhRwAdX9gPT6E8sD"],"createdAt":1629729259542,"u":1629730557255,"_id":"twdhwebeBWGjMjkRw","srcRemId":"chmEDGmwF84MP4ZJz","srcRemC":"a/fakeImportArticle0.11602723010232108","type":6,"portalsIn,prev":[],"p":null,"portalType":4,"spo":1,"embeddedSearchId":1,"subBlocks,prev":[],"children,prev":[],"searchResults,prev":[],"parent":"7RhRwAdX9gPT6E8sD","searchResults":["SYxxTssKbrayaDwNP","28fwkd6YNMfSPvfLR"],"excludedTypeParents":[],"excludedTypeParents,prev":[]},{"key":["Highlight ",{"i":"m","h":2,"text":"Orange"}],"owner":null,"children":[],"subBlocks":[],"portalsIn":["SP2jbYS4AnfsDcq3b"],"createdAt":1629729681747,"u":1629730557397,"_id":"tzb8Wds3JYugfhmff","srcRemId":"iFoY8MrT3ZoSD9Szz","srcRemC":"a/fakeImportArticle0.11602723010232108","portalsIn,prev":[],"p":null,"enableBackSR":true,"parent":"SP2jbYS4AnfsDcq3b","subBlocks,prev":[],"excludedTypeParents":[],"excludedTypeParents,prev":[]},{"key":[],"owner":null,"children":[],"subBlocks":[],"portalsIn":["SP2jbYS4AnfsDcq3b"],"createdAt":1629729681758,"u":1629730557392,"_id":"u2DpAys4atRnt5tai","srcRemId":"JqYtBFoQ9JWvPF7D7","srcRemC":"a/fakeImportArticle0.11602723010232108","portalsIn,prev":[],"p":null,"parent":"SP2jbYS4AnfsDcq3b","subBlocks,prev":[],"excludedTypeParents":[],"excludedTypeParents,prev":[]},{"key":["Highlight ",{"i":"m","h":3,"text":"Yellow"}],"owner":null,"children":[],"subBlocks":[],"portalsIn":["SP2jbYS4AnfsDcq3b"],"createdAt":1629729681748,"u":1629730557397,"_id":"uGFEBww2LLnKzRJgB","srcRemId":"fmw9Ssbh3ozxK3ddT","srcRemC":"a/fakeImportArticle0.11602723010232108","portalsIn,prev":[],"p":null,"enableBackSR":true,"parent":"SP2jbYS4AnfsDcq3b","subBlocks,prev":[],"excludedTypeParents":[],"excludedTypeParents,prev":[]},{"key":["Sample DONE"],"owner":null,"children":["vvPGQRLncm2DqY3Wp","EQcnYwrzRqg9hqucH"],"subBlocks":[],"portalsIn":["WSKpq6K35YMcGEyfa"],"createdAt":1629729082828,"u":1629730557465,"_id":"uJ2KQc48BJW44jy5N","srcRemId":"v82pjnQiF9nJChs7o","srcRemC":"a/fakeImportArticle0.11602723010232108","portalsIn,prev":[],"p":null,"children,prev":[],"subBlocks,prev":[],"crt":{"t":{"s":{"_id":"EQcnYwrzRqg9hqucH","s":"Finished","v":[{"i":"q","_id":"dCLSrBTRitwtRGcX6"}]}}},"typeParents,prev":[],"excludedTypeParents,prev":[],"enableBackSR":true,"typeParents":["Sj9Ljm5dq9zvLBHzN"],"excludedTypeParents":[],"parent":"WSKpq6K35YMcGEyfa"},{"key":[{"i":"o","language":"css","text":"/* This is just a sample CSS */ \nbody{\nbackground-color: darkgray;\n}"}],"owner":null,"children":[],"subBlocks":[],"portalsIn":["WmWsjgSSay4C7ybMi","kiZiET6irH4yLL6yC"],"createdAt":1629730197096,"u":1629730556942,"_id":"uNZoHdvf3EB6xYMqF","srcRemId":"H5kMYBjYth5fF9X7w","srcRemC":"a/fakeImportArticle0.11602723010232108","portalsIn,prev":[],"p":null,"forget":true,"history":[{"forget":true,"date":1629730208404}],"children,prev":null,"subBlocks,prev":null,"crt":null,"typeParents,prev":null,"excludedTypeParents,prev":null,"tpam":null,"isListItem":null,"parent":"WmWsjgSSay4C7ybMi","excludedTypeParents":[]},{"key":[{"i":"q","_id":"zk3HcswbuoHgJjtqR"}],"owner":null,"children":["NbeHoHYzJFdFnJXmk","JbKrGSTggjRHcSSER","sER6Gs8q2K3ByZMZc","qdwX2C733CKRm3LDb"],"subBlocks":["sER6Gs8q2K3ByZMZc","qdwX2C733CKRm3LDb","NbeHoHYzJFdFnJXmk","JbKrGSTggjRHcSSER"],"portalsIn":["zk3HcswbuoHgJjtqR"],"createdAt":1629728819081,"u":1629730557451,"_id":"ufsq7KmHMPSugrrnd","srcRemId":"tG3XtgCEofcdCJgKN","srcRemC":"a/fakeImportArticle0.11602723010232108","type":6,"portalsIn,prev":[],"p":null,"portalType":4,"spo":1,"embeddedSearchId":1,"subBlocks,prev":[],"children,prev":[],"searchResults,prev":[],"parent":"zk3HcswbuoHgJjtqR","searchResults":["fMsrzMpYA9NMosagt","CX4nwidHLpoy7GsWN"],"excludedTypeParents":[],"excludedTypeParents,prev":[]},{"key":["Suspend Cards"],"owner":null,"children":[],"subBlocks":[],"portalsIn":[],"createdAt":1629730529233,"n":1,"u":1629730556512,"_id":"uhsExgGojy38Caw2D","parent":null,"rcrt":"u","subBlocks,prev":[],"excludedTypeParents":[],"excludedTypeParents,prev":[]},{"key":["Python Code Block"],"owner":null,"children":["oktpsLFZiK5aA95vH"],"subBlocks":["oktpsLFZiK5aA95vH"],"portalsIn":["WSKpq6K35YMcGEyfa"],"createdAt":1629728929290,"u":1629730557335,"_id":"ukvmqjz7Brip6R8bF","srcRemId":"pc4poZvEKvnQFAnKD","srcRemC":"a/fakeImportArticle0.11602723010232108","portalsIn,prev":[],"p":null,"enableBackSR":true,"children,prev":[],"subBlocks,prev":[],"parent":"WSKpq6K35YMcGEyfa","excludedTypeParents":[],"excludedTypeParents,prev":[]},{"key":["Test Sub-Folder (Level 2)"],"owner":null,"children":["7RhRwAdX9gPT6E8sD","vgXyDDQCdNMP6E73d","mbqepbpthDRwKXzvK","N2WczfNHFYTjq9CsS"],"subBlocks":["7RhRwAdX9gPT6E8sD","vgXyDDQCdNMP6E73d","mbqepbpthDRwKXzvK"],"portalsIn":["rbAkiYcQtpuMHXJJq","Ko3s5GhN7m8yg35NF"],"createdAt":1629728663502,"u":1629730557485,"_id":"v9PdcKd5sHAxjdEEh","srcRemId":"Ze9YLnjea6zP2uT2d","srcRemC":"a/fakeImportArticle0.11602723010232108","docUpdated":1629728663505,"children,prev":[],"subBlocks,prev":[],"crt":{"o":{"s":{"_id":"N2WczfNHFYTjq9CsS","s":"Draft","v":[{"i":"q","_id":"r4oZgcKFuXiGrCRzQ"}]}}},"portalsIn,prev":[],"typeParents,prev":[],"excludedTypeParents,prev":[],"forceIsFolder":true,"enableBackSR":true,"p":null,"folderOpen":true,"typeParents":["qawP2QvsyNLtMhpGB"],"excludedTypeParents":[],"parent":"rbAkiYcQtpuMHXJJq"},{"key":["This file is a Parent-Level REM without any folder"],"owner":null,"children":[],"subBlocks":[],"portalsIn":["SP2jbYS4AnfsDcq3b"],"createdAt":1629728306708,"u":1629730557404,"_id":"vFypqGCtE2LnWhGef","srcRemId":"5KM62cK3LAqaEC2Cy","srcRemC":"a/fakeImportArticle0.11602723010232108","portalsIn,prev":[],"p":null,"enableBackSR":true,"parent":"SP2jbYS4AnfsDcq3b","subBlocks,prev":[],"excludedTypeParents":[],"excludedTypeParents,prev":[]},{"key":[{"i":"q","_id":"EN8At62xbHgSuRF4E"}],"owner":null,"children":[],"subBlocks":[],"portalsIn":[],"createdAt":1629728628181,"u":1629730556921,"_id":"vRbNXE98AY3emC5rT","srcRemId":"H5NZGga4BrFdHG76d","srcRemC":"a/fakeImportArticle0.11602723010232108","portalsIn,prev":[],"p":null,"value":[{"i":"q","_id":"r4oZgcKFuXiGrCRzQ"}],"type":2,"forget":true,"rcrp":"o.s","parent":"4hvajT4EBL2cXhRFP","typeParents":["EN8At62xbHgSuRF4E"],"excludedTypeParents":[],"typeParents,prev":[],"excludedTypeParents,prev":[],"subBlocks,prev":[]},{"key":["Test file (Level 2) 3.1"],"owner":null,"children":["8D64dKYYYqKuBFxrY","itsz66dz4aSMfuupc","CX4nwidHLpoy7GsWN"],"subBlocks":["CX4nwidHLpoy7GsWN","itsz66dz4aSMfuupc"],"portalsIn":["Ko3s5GhN7m8yg35NF","v9PdcKd5sHAxjdEEh"],"createdAt":1629728700913,"u":1629730557485,"_id":"vgXyDDQCdNMP6E73d","srcRemId":"qvkuAPFNQJ6dizwov","srcRemC":"a/fakeImportArticle0.11602723010232108","portalsIn,prev":[],"p":null,"docUpdated":1629728818988,"children,prev":[],"subBlocks,prev":[],"crt":{"o":{"s":{"_id":"8D64dKYYYqKuBFxrY","s":"Draft","v":[{"i":"q","_id":"r4oZgcKFuXiGrCRzQ"}]}}},"typeParents,prev":[],"excludedTypeParents,prev":[],"enableBackSR":true,"typeParents":["qawP2QvsyNLtMhpGB"],"excludedTypeParents":[],"parent":"v9PdcKd5sHAxjdEEh"},{"key":[{"i":"q","_id":"wvdxKFArgeySJcTgB"}],"owner":null,"children":[],"subBlocks":[],"portalsIn":[],"createdAt":1629729082830,"u":1629730557293,"_id":"vvPGQRLncm2DqY3Wp","srcRemId":"6Yrtatr2pfpg3HSiL","srcRemC":"a/fakeImportArticle0.11602723010232108","portalsIn,prev":[],"p":null,"value":[{"i":"q","_id":"dCLSrBTRitwtRGcX6"}],"type":2,"forget":true,"rcrp":"t.s","parent":"uJ2KQc48BJW44jy5N"},{"key":["Status"],"owner":null,"children":["Qofsizzb33MTDon7x","dCLSrBTRitwtRGcX6"],"subBlocks":["dCLSrBTRitwtRGcX6","Qofsizzb33MTDon7x"],"portalsIn":["Sj9Ljm5dq9zvLBHzN"],"createdAt":1629730556391,"u":1629730557466,"_id":"wvdxKFArgeySJcTgB","type":3,"rcrs":"t.s","portalsIn,prev":[],"p":null,"parent":"Sj9Ljm5dq9zvLBHzN","typeChildren":["Qofsizzb33MTDon7x","dCLSrBTRitwtRGcX6","EQcnYwrzRqg9hqucH","ico9PoMq9T7RZKhLv","j8A24DSLinxtXADCp","kqHho5iYHy7Qih8TF","PvrCcNZharXjzPnKR","jnZrd4KtAb8JibfhL"],"typeChildren,prev":[],"children,prev":[],"subBlocks,prev":[],"references":[{"q":"PvrCcNZharXjzPnKR","f":"key"},{"q":"vvPGQRLncm2DqY3Wp","f":"key"},{"q":"EQcnYwrzRqg9hqucH","f":"key"},{"q":"3suquQhxXivYXE4nS","f":"key"},{"q":"ico9PoMq9T7RZKhLv","f":"key"},{"q":"j8A24DSLinxtXADCp","f":"key"},{"q":"kqHho5iYHy7Qih8TF","f":"key"},{"q":"jnZrd4KtAb8JibfhL","f":"key"}],"references,prev":[],"excludedTypeParents":[],"excludedTypeParents,prev":[]},{"key":["Highlight ",{"text":"Green","h":4,"i":"m"},""],"owner":null,"children":[],"subBlocks":[],"portalsIn":["WSKpq6K35YMcGEyfa"],"createdAt":1629728967283,"u":1629730557288,"_id":"xATcdz5uDAzLm573b","srcRemId":"MzFDg5XE2id7vuztS","srcRemC":"a/fakeImportArticle0.11602723010232108","portalsIn,prev":[],"p":null,"enableBackSR":true,"parent":"WSKpq6K35YMcGEyfa","subBlocks,prev":[],"excludedTypeParents":[],"excludedTypeParents,prev":[]},{"key":[],"owner":null,"children":["JQLXqAkndGbBHBytE"],"subBlocks":[],"portalsIn":["rbAkiYcQtpuMHXJJq","Ko3s5GhN7m8yg35NF"],"createdAt":1629728655701,"u":1629730557485,"_id":"yAgRracwzoyCuusL3","srcRemId":"RgzkhT9Hkv8dwxkiu","srcRemC":"a/fakeImportArticle0.11602723010232108","docUpdated":1629728655733,"children,prev":[],"subBlocks,prev":[],"crt":{"o":{"s":{"_id":"JQLXqAkndGbBHBytE","s":"Draft","v":[{"i":"q","_id":"r4oZgcKFuXiGrCRzQ"}]}}},"portalsIn,prev":[],"typeParents,prev":[],"excludedTypeParents,prev":[],"p":null,"typeParents":["qawP2QvsyNLtMhpGB"],"excludedTypeParents":[],"parent":"rbAkiYcQtpuMHXJJq"},{"key":["Sample Rem Portal"],"owner":null,"children":["qb5w8678XNhREgw8a"],"subBlocks":["qb5w8678XNhREgw8a"],"portalsIn":["zk3HcswbuoHgJjtqR"],"createdAt":1629728509883,"u":1629730557429,"_id":"yX6jPAdWDmmYFonMF","srcRemId":"ocH6zwqtBHovWszf7","srcRemC":"a/fakeImportArticle0.11602723010232108","portalsIn,prev":[],"p":null,"enableBackSR":true,"children,prev":[],"subBlocks,prev":[],"parent":"zk3HcswbuoHgJjtqR","excludedTypeParents":[],"excludedTypeParents,prev":[]},{"key":[],"owner":null,"children":[],"subBlocks":[],"portalsIn":["SP2jbYS4AnfsDcq3b"],"createdAt":1629729681752,"u":1629730557395,"_id":"z8dEJTtWbvT2vAdXx","srcRemId":"8Ho98jwS86pfdsak4","srcRemC":"a/fakeImportArticle0.11602723010232108","portalsIn,prev":[],"p":null,"parent":"SP2jbYS4AnfsDcq3b","subBlocks,prev":[],"excludedTypeParents":[],"excludedTypeParents,prev":[]},{"key":["Test Rem 3.2.2"],"owner":null,"children":[],"subBlocks":[],"portalsIn":["7RhRwAdX9gPT6E8sD"],"createdAt":1629728782909,"u":1629730557319,"_id":"zLnr3HH3iQHSKbk5N","srcRemId":"nnSK3rfPN7bWXjEc4","srcRemC":"a/fakeImportArticle0.11602723010232108","portalsIn,prev":[],"p":null,"enableBackSR":true,"parent":"7RhRwAdX9gPT6E8sD","subBlocks,prev":[],"excludedTypeParents":[],"excludedTypeParents,prev":[]},{"key":["this is a reference to a folder rem: ",{"_id":"qh7yKcps6dyDsERfr","i":"q"},""],"owner":null,"children":[],"subBlocks":[],"portalsIn":["T7b9kTqWqzQP68C6f"],"createdAt":1629729575495,"u":1629730557311,"_id":"zMsJ8b8nbSPoGr8xy","srcRemId":"KeH3HX6HgHPKL95Mi","srcRemC":"a/fakeImportArticle0.11602723010232108","portalsIn,prev":[],"p":null,"enableBackSR":false,"parent":"T7b9kTqWqzQP68C6f","subBlocks,prev":[],"excludedTypeParents":[],"excludedTypeParents,prev":[]},{"key":["Highlight"],"owner":null,"children":["7Tsoh34j3hkMkkDTv"],"subBlocks":["7Tsoh34j3hkMkkDTv"],"portalsIn":[],"createdAt":1629730529235,"n":1,"u":1629730557020,"_id":"zSYNsk4WpK6adGrKt","parent":null,"rcrt":"h","children,prev":[],"subBlocks,prev":[],"typeChildren":["RZt6CCyx2jmMaqWdx"],"typeChildren,prev":[],"excludedTypeParents":[],"excludedTypeParents,prev":[]},{"key":["Test File 2.1"],"owner":null,"children":["KsGbu94gBWgTKARkC","yX6jPAdWDmmYFonMF","KEABHReMpokG9gQzP","dEJFTg26nCzSJr2qZ","9En8y7BQMawz5YkuK","ufsq7KmHMPSugrrnd","otcqZoeDwjQoQiia5","LvocZbJB6AwkhSCe9"],"subBlocks":["LvocZbJB6AwkhSCe9","otcqZoeDwjQoQiia5","ufsq7KmHMPSugrrnd","9En8y7BQMawz5YkuK","qb5w8678XNhREgw8a","yX6jPAdWDmmYFonMF","KsGbu94gBWgTKARkC","KEABHReMpokG9gQzP"],"portalsIn":["Ko3s5GhN7m8yg35NF","7ptMrhMECyuyczyCD"],"createdAt":1629728471689,"u":1629730562213,"_id":"zk3HcswbuoHgJjtqR","srcRemId":"sDN6vDrrfCyun2kwG","srcRemC":"a/fakeImportArticle0.11602723010232108","portalsIn,prev":[],"p":null,"docUpdated":1629728615805,"children,prev":[],"subBlocks,prev":[],"crt":{"o":{"s":{"_id":"dEJFTg26nCzSJr2qZ","s":"Draft","v":[{"i":"q","_id":"r4oZgcKFuXiGrCRzQ"}]}}},"typeParents,prev":[],"excludedTypeParents,prev":[],"enableBackSR":true,"selectedInSearch":2,"searchAliases":[{"r":[" test"]},{"r":[" file"]}],"references,prev":[],"rsp,prev":[],"references":[{"q":"FvusTPoNSnSZLqpyk","f":"key"},{"q":"tG3XtgCEofcdCJgKN","f":"key"},{"q":"6S3MjWayyE2Yv7K2D","f":"key"},{"q":"fMsrzMpYA9NMosagt","f":"key"},{"q":"ufsq7KmHMPSugrrnd","f":"key"},{"q":"CX4nwidHLpoy7GsWN","f":"key"}],"typeParents":["qawP2QvsyNLtMhpGB"],"excludedTypeParents":[],"parent":"7ptMrhMECyuyczyCD","rsp":["ufsq7KmHMPSugrrnd"]},{"key":["Daily Document"],"owner":null,"children":["DEvBSLd79LaQba4Ss","27oqZK5jjnGb652DE","p4Y5syT2vMHFbpyee","dgzM3vcY4X3hLoX2x","DiKWxnQobJcu7YKzu"],"subBlocks":["DEvBSLd79LaQba4Ss","DiKWxnQobJcu7YKzu","27oqZK5jjnGb652DE","dgzM3vcY4X3hLoX2x"],"portalsIn":["Ko3s5GhN7m8yg35NF"],"createdAt":1629730556336,"n":1,"u":1629730593397,"_id":"zpMhSQGGZbNH7TbPP","parent":null,"rcrt":"d","children,prev":[],"subBlocks,prev":[],"crt":{"o":{"s":{"_id":"p4Y5syT2vMHFbpyee","s":"Draft","v":[{"i":"q","_id":"r4oZgcKFuXiGrCRzQ"}]}},"a":{}},"portalsIn,prev":[],"typeParents":["qawP2QvsyNLtMhpGB","BtRx4nuLL7AttH3YA"],"excludedTypeParents":[],"typeParents,prev":[],"excludedTypeParents,prev":[],"typeChildren":["27oqZK5jjnGb652DE"],"typeChildren,prev":[],"folderOpen":true},{"key":["Highlight ",{"i":"m","h":6,"text":"Blue"}],"owner":null,"children":[],"subBlocks":[],"portalsIn":["SP2jbYS4AnfsDcq3b"],"createdAt":1629729681750,"u":1629730557396,"_id":"zsexRLi93zBkmt7s8","srcRemId":"J7qiwGhiDBJEh23sy","srcRemC":"a/fakeImportArticle0.11602723010232108","portalsIn,prev":[],"p":null,"enableBackSR":true,"parent":"SP2jbYS4AnfsDcq3b","subBlocks,prev":[],"excludedTypeParents":[],"excludedTypeParents,prev":[]},{"key":["URL link to this REM ",{"url":"https://www.remnote.io/document/dTgxSDGZnK89koWBk","title":"RemNote","text":" Folder (Level 1) > Test File 1 - RemNote","i":"m"}],"owner":null,"children":[],"subBlocks":[],"portalsIn":["WSKpq6K35YMcGEyfa"],"createdAt":1629728434768,"u":1629730557287,"_id":"zwmSZfcNjPjxh5o8X","srcRemId":"RQQHNiutt2WuXz7e3","srcRemC":"a/fakeImportArticle0.11602723010232108","portalsIn,prev":[],"p":null,"enableBackSR":true,"parent":"WSKpq6K35YMcGEyfa","subBlocks,prev":[],"excludedTypeParents":[],"excludedTypeParents,prev":[]}]}