{"userId":"GBBE6HuQkLpeWaSWG","knowledgebaseId":"GBBE6HuQkLpeWaSWG","name":"Anwesh Gangula","exportDate":"2021-08-12T13:22:11.108Z","exportVersion":1,"docs":[{"_id":"4eqWZg8uGaajwizfx","owner":"GBBE6HuQkLpeWaSWG","e":1598891156599,"c":"f","rId":"BZzwCC9TdSp63SAPF","n":1607335861000,"a":1607335861000,"d":1607335861000,"u":1607335861308,"h":[{"date":"Wed Sep 02 2020 23:22:05 GMT+0530 (India Standard Time)","score":0.5,"responseTime":6061,"revealTime":2815,"isCram":false,"metadata":{"mobile":null,"showBadge":true,"cardsInSession":3,"cardsToday":2,"remainingCards":8},"schedulerMetadata":{"clusterPosition":2,"treePosition":0,"clusterRootPosition":2,"clusterType":"ref","howChoseLastCluster":"all","clusterSize":5},"scheduler":2},{"date":"Wed Sep 02 2020 23:24:15 GMT+0530 (India Standard Time)","score":0,"responseTime":2751,"revealTime":1907,"isCram":false,"metadata":{"mobile":null,"showBadge":true,"cardsInSession":12,"cardsToday":11,"remainingCards":3},"schedulerMetadata":{"clusterPosition":1,"treePosition":0,"clusterRootPosition":1,"clusterType":"ref","howChoseLastCluster":"all","clusterSize":3},"scheduler":2},{"date":"Wed Sep 02 2020 23:24:19 GMT+0530 (India Standard Time)","score":0,"responseTime":1129,"revealTime":575,"isCram":false,"metadata":{"mobile":null,"showBadge":true,"cardsInSession":15,"cardsToday":14,"remainingCards":3},"schedulerMetadata":{"clusterPosition":1,"treePosition":0,"clusterRootPosition":1,"clusterType":"ref","howChoseLastCluster":"all","clusterSize":3},"scheduler":2},{"date":"Wed Sep 02 2020 23:24:22 GMT+0530 (India Standard Time)","score":0,"responseTime":790,"revealTime":454,"isCram":false,"metadata":{"mobile":null,"showBadge":true,"cardsInSession":18,"cardsToday":17,"remainingCards":3},"schedulerMetadata":{"clusterPosition":1,"treePosition":0,"clusterRootPosition":1,"clusterType":"ref","howChoseLastCluster":"all","clusterSize":3},"scheduler":2},{"date":"Wed Sep 02 2020 23:24:24 GMT+0530 (India Standard Time)","score":0,"responseTime":1054,"revealTime":693,"isCram":false,"metadata":{"mobile":null,"showBadge":true,"cardsInSession":21,"cardsToday":20,"remainingCards":3},"schedulerMetadata":{"clusterPosition":1,"treePosition":0,"clusterRootPosition":1,"clusterType":"ref","howChoseLastCluster":"all","clusterSize":3},"scheduler":2},{"date":"Wed Sep 02 2020 23:24:27 GMT+0530 (India Standard Time)","score":0,"responseTime":617,"revealTime":394,"isCram":false,"metadata":{"mobile":null,"showBadge":true,"cardsInSession":24,"cardsToday":23,"remainingCards":3},"schedulerMetadata":{"clusterPosition":1,"treePosition":0,"clusterRootPosition":1,"clusterType":"ref","howChoseLastCluster":"all","clusterSize":3},"scheduler":2},{"date":"Wed Sep 02 2020 23:24:28 GMT+0530 (India Standard Time)","score":0,"responseTime":617,"revealTime":362,"isCram":false,"metadata":{"mobile":null,"showBadge":true,"cardsInSession":27,"cardsToday":26,"remainingCards":3},"schedulerMetadata":{"clusterPosition":1,"treePosition":0,"clusterRootPosition":1,"clusterType":"ref","howChoseLastCluster":"all","clusterSize":3},"scheduler":2},{"date":"Mon Sep 21 2020 18:05:18 GMT+0530 (India Standard Time)","score":0.01,"responseTime":24636,"revealTime":1438,"isCram":false,"metadata":{"mobile":null,"showBadge":true,"cardsInSession":1,"cardsToday":0,"remainingCards":8},"schedulerMetadata":{"treePosition":0},"scheduler":2},{"date":"Wed Sep 23 2020 17:29:18 GMT+0530 (India Standard Time)","score":0.01,"responseTime":274072,"revealTime":1173,"isCram":false,"metadata":{"mobile":null,"showBadge":true,"cardsInSession":1,"cardsToday":1,"remainingCards":8},"schedulerMetadata":{"treePosition":0},"scheduler":2},{"date":"Mon Dec 07 2020 15:40:24 GMT+0530 (India Standard Time)","score":0,"responseTime":1494,"revealTime":871,"isCram":false,"metadata":{"mobile":null,"showBadge":true,"cardsInSession":3,"cardsToday":3,"remainingCards":10},"schedulerMetadata":{"clusterPosition":1,"treePosition":0,"clusterRootPosition":1,"clusterType":"ref","howChoseLastCluster":"recent","clusterRelatedness":2,"clusterSize":7},"scheduler":5},{"date":"Mon Dec 07 2020 15:41:01 GMT+0530 (India Standard Time)","score":0.5,"responseTime":1428,"revealTime":757,"isCram":false,"metadata":{"mobile":null,"showBadge":true,"cardsInSession":16,"cardsToday":16,"remainingCards":1},"schedulerMetadata":{"clusterPosition":1,"treePosition":0,"clusterRootPosition":1,"clusterType":"ref","howChoseLastCluster":"recent","clusterRelatedness":2,"clusterSize":7},"scheduler":5}],"l":1607335861308,"s":1607245633708},{"_id":"6YjmCw7NTQHfgaGiX","owner":"GBBE6HuQkLpeWaSWG","e":1601318230600,"c":"f","rId":"eRnv6wCv9hqRLXnEf","n":1607335842000,"a":1607335842000,"d":1607335842000,"u":1607335842376,"h":[{"date":"Thu Nov 19 2020 00:36:11 GMT+0530 (India Standard Time)","score":0.01,"responseTime":35131,"revealTime":993,"isCram":false,"metadata":{"mobile":null,"showBadge":true,"cardsInSession":0,"cardsToday":0,"remainingCards":7},"schedulerMetadata":{"treePosition":0},"scheduler":1},{"date":"Mon Dec 07 2020 15:40:42 GMT+0530 (India Standard Time)","score":0.5,"responseTime":693,"revealTime":445,"isCram":false,"metadata":{"mobile":null,"showBadge":true,"cardsInSession":9,"cardsToday":9,"remainingCards":8},"schedulerMetadata":{"clusterPosition":4,"treePosition":0,"clusterRootPosition":4,"clusterType":"ref","howChoseLastCluster":"recent","clusterRelatedness":2,"clusterSize":7},"scheduler":5}],"l":1607335842376,"s":1607245633708},{"owner":"GBBE6HuQkLpeWaSWG","e":1591703213446,"c":"b","rId":"PQ9de3uGS9YTpatRw","h":[{"date":"Tue Jun 09 2020 17:40:20 GMT+0530 (India Standard Time)","score":0.5,"responseTime":2129,"revealTime":1527,"isCram":true,"metadata":{"mobile":null,"showBadge":true,"cardsInSession":3,"cardsToday":3,"remainingCards":4},"scheduler":3}],"n":1591704620302,"u":1596043381971,"_id":"7ajAR6DGcM7qYihzf"},{"owner":"GBBE6HuQkLpeWaSWG","e":1591703213508,"c":"f","rId":"PYd6xfXcFdg7Kdaod","h":[{"date":"Tue Jun 09 2020 17:40:16 GMT+0530 (India Standard Time)","score":0.01,"immediateDelayDays":1,"responseTime":10066,"revealTime":7569,"isCram":true,"metadata":{"mobile":null,"showBadge":true,"cardsInSession":1,"cardsToday":1,"remainingCards":6},"scheduler":3}],"n":1591791016000,"u":1596043381983,"_id":"APdtvFhuaTimg3eqp"},{"owner":"GBBE6HuQkLpeWaSWG","e":1591703923572,"c":"b","rId":"ja9yN49Jg93Xb9csH","h":[{"date":"Mon Jun 15 2020 14:57:58 GMT+0530 (India Standard Time)","score":1,"responseTime":24953,"revealTime":16954,"isCram":false,"metadata":{"mobile":null,"showBadge":true,"cardsInSession":0,"cardsToday":0,"remainingCards":4},"schedulerMetadata":{"clusterPosition":0,"treePosition":0,"clusterRootPosition":0,"clusterType":"ref","howChoseLastCluster":"all","clusterSize":2,"isPeekAheadCard":true},"scheduler":3},{"date":"Mon Jul 13 2020 15:58:52 GMT+0530 (India Standard Time)","score":1,"responseTime":8899,"revealTime":2746,"isCram":false,"metadata":{"mobile":null,"showBadge":true,"cardsInSession":0,"cardsToday":0,"remainingCards":6},"schedulerMetadata":{"clusterPosition":0,"treePosition":0,"clusterRootPosition":0,"clusterType":"ref","howChoseLastCluster":"all","clusterSize":2,"isPeekAheadCard":true},"scheduler":4}],"n":1594895332000,"l":1594636132144,"t":0,"u":1596043383252,"_id":"BYDyGsfRon2NoBJCX"},{"owner":"GBBE6HuQkLpeWaSWG","e":1596043381586,"c":"f","rId":"JFcxJjM9TwPxkCGgY","n":1596563904000,"u":1596563966858,"_id":"CLATJ9Bd8TFTSCwh7","h":[{"date":"Tue Aug 04 2020 23:28:24 GMT+0530 (India Standard Time)","score":0.5,"responseTime":null,"revealTime":null,"isCram":false,"metadata":{"mobile":null,"showBadge":true,"cardsInSession":0,"cardsToday":0,"remainingCards":2},"schedulerMetadata":{"treePosition":0},"scheduler":1}],"l":1596563904947},{"owner":"GBBE6HuQkLpeWaSWG","e":1591703214139,"c":"b","rId":"Db6RXHwEnXaga3dyf","h":[{"date":"Tue Jun 09 2020 17:28:05 GMT+0530 (India Standard Time)","score":1,"responseTime":81164,"revealTime":38775,"isCram":false,"metadata":{"mobile":null,"showBadge":true,"cardsInSession":0,"cardsToday":0,"remainingCards":319},"schedulerMetadata":{"clusterPosition":0,"treePosition":0,"clusterRootPosition":0,"clusterType":"ref","howChoseLastCluster":"all","clusterSize":2,"fromTree":true},"scheduler":3}],"n":1591790285000,"l":1591703885577,"t":0,"u":1596043381077,"_id":"DAcQgsFqmzTxbieSF"},{"owner":"GBBE6HuQkLpeWaSWG","e":1599545620017,"c":"f","rId":"8Ca9Jhrfdxgx9cD5o","n":1607335853000,"a":1607335853000,"d":1607335853000,"u":1607335853843,"_id":"DtzTCxtEbaSZYA3cA","h":[{"date":"Wed Sep 23 2020 16:29:56 GMT+0530 (India Standard Time)","score":0.5,"responseTime":3132,"revealTime":1224,"isCram":false,"metadata":{"mobile":null,"showBadge":true,"cardsInSession":1,"cardsToday":0,"remainingCards":8},"schedulerMetadata":{"treePosition":0},"scheduler":2},{"date":"Mon Dec 07 2020 15:40:19 GMT+0530 (India Standard Time)","score":0,"responseTime":41420,"revealTime":4292,"isCram":false,"metadata":{"mobile":null,"showBadge":true,"cardsInSession":0,"cardsToday":0,"remainingCards":10},"schedulerMetadata":{"clusterPosition":0,"treePosition":0,"clusterRootPosition":0,"clusterType":"ref","howChoseLastCluster":"all","clusterSize":1},"scheduler":5},{"date":"Mon Dec 07 2020 15:40:53 GMT+0530 (India Standard Time)","score":0.5,"responseTime":1023,"revealTime":547,"isCram":false,"metadata":{"mobile":null,"showBadge":true,"cardsInSession":13,"cardsToday":13,"remainingCards":4},"schedulerMetadata":{"clusterPosition":0,"treePosition":0,"clusterRootPosition":0,"clusterType":"ref","howChoseLastCluster":"all","clusterSize":1},"scheduler":5}],"l":1607335853843},{"owner":"GBBE6HuQkLpeWaSWG","e":1593593957210,"c":"b","rId":"oiJt8HXEHq97YXd6h","h":[{"date":"Mon Jul 13 2020 15:59:11 GMT+0530 (India Standard Time)","score":1,"responseTime":2439,"revealTime":1176,"isCram":false,"metadata":{"mobile":null,"showBadge":true,"cardsInSession":5,"cardsToday":5,"remainingCards":1},"schedulerMetadata":{"clusterType":"extra","howChoseLastCluster":"extra","extraCard":true,"extraCardLeftover":true},"scheduler":4},{"date":"Mon Jul 13 2020 15:59:21 GMT+0530 (India Standard Time)","score":1,"responseTime":2085,"revealTime":1284,"isCram":false,"metadata":{"mobile":null,"showBadge":true,"cardsInSession":6,"cardsToday":6,"remainingCards":1},"schedulerMetadata":{"clusterType":"extra","howChoseLastCluster":"extra","extraCard":true,"extraCardLeftover":true},"scheduler":4}],"n":1594895361000,"l":1594636161822,"t":0,"u":1596043383688,"_id":"ERJFne5QKZ7ouCCkR"},{"owner":"GBBE6HuQkLpeWaSWG","e":1591703712609,"c":"b","rId":"LvMfMz5tb28Gb5Y7c","h":[{"date":"Mon Jun 15 2020 14:58:12 GMT+0530 (India Standard Time)","score":1,"responseTime":7724,"revealTime":1110,"isCram":false,"metadata":{"mobile":null,"showBadge":true,"cardsInSession":3,"cardsToday":3,"remainingCards":1},"schedulerMetadata":{"clusterType":"extra","howChoseLastCluster":"extra","extraCard":true,"extraCardLeftover":true},"scheduler":3},{"date":"Mon Jul 13 2020 15:58:56 GMT+0530 (India Standard Time)","score":1,"responseTime":4389,"revealTime":2924,"isCram":false,"metadata":{"mobile":null,"showBadge":true,"cardsInSession":1,"cardsToday":1,"remainingCards":5},"schedulerMetadata":{"clusterPosition":1,"treePosition":1,"clusterRootPosition":0,"clusterType":"ref","howChoseLastCluster":"all","clusterSize":2},"scheduler":4}],"n":1594895336000,"l":1594636136544,"t":0,"u":1596043381784,"_id":"GZwS4xHmxjw4A6aRE"},{"_id":"HSSkX6JuoeRxhZHbm","owner":"GBBE6HuQkLpeWaSWG","e":1597236643507,"c":"f","rId":"oKdMTrowgwWkK8r8u","n":1607335859000,"a":1607335859000,"d":1607335859000,"u":1607335859862,"h":[{"date":"Wed Sep 02 2020 23:21:44 GMT+0530 (India Standard Time)","score":0.5,"responseTime":17823,"revealTime":6659,"isCram":false,"metadata":{"mobile":null,"showBadge":true,"cardsInSession":1,"cardsToday":0,"remainingCards":10},"schedulerMetadata":{"clusterPosition":0,"treePosition":0,"clusterRootPosition":0,"clusterType":"ref","howChoseLastCluster":"all","clusterSize":5},"scheduler":2},{"date":"Wed Sep 02 2020 23:24:16 GMT+0530 (India Standard Time)","score":0,"responseTime":1526,"revealTime":790,"isCram":false,"metadata":{"mobile":null,"showBadge":true,"cardsInSession":13,"cardsToday":12,"remainingCards":3},"schedulerMetadata":{"clusterPosition":2,"treePosition":0,"clusterRootPosition":2,"clusterType":"ref","howChoseLastCluster":"all","clusterSize":3},"scheduler":2},{"date":"Wed Sep 02 2020 23:24:20 GMT+0530 (India Standard Time)","score":0,"responseTime":962,"revealTime":573,"isCram":false,"metadata":{"mobile":null,"showBadge":true,"cardsInSession":16,"cardsToday":15,"remainingCards":3},"schedulerMetadata":{"clusterPosition":2,"treePosition":0,"clusterRootPosition":2,"clusterType":"ref","howChoseLastCluster":"all","clusterSize":3},"scheduler":2},{"date":"Wed Sep 02 2020 23:24:22 GMT+0530 (India Standard Time)","score":0,"responseTime":781,"revealTime":460,"isCram":false,"metadata":{"mobile":null,"showBadge":true,"cardsInSession":19,"cardsToday":18,"remainingCards":3},"schedulerMetadata":{"clusterPosition":2,"treePosition":0,"clusterRootPosition":2,"clusterType":"ref","howChoseLastCluster":"all","clusterSize":3},"scheduler":2},{"date":"Wed Sep 02 2020 23:24:25 GMT+0530 (India Standard Time)","score":0,"responseTime":905,"revealTime":580,"isCram":false,"metadata":{"mobile":null,"showBadge":true,"cardsInSession":22,"cardsToday":21,"remainingCards":3},"schedulerMetadata":{"clusterPosition":2,"treePosition":0,"clusterRootPosition":2,"clusterType":"ref","howChoseLastCluster":"all","clusterSize":3},"scheduler":2},{"date":"Wed Sep 02 2020 23:24:27 GMT+0530 (India Standard Time)","score":0,"responseTime":681,"revealTime":422,"isCram":false,"metadata":{"mobile":null,"showBadge":true,"cardsInSession":25,"cardsToday":24,"remainingCards":3},"schedulerMetadata":{"clusterPosition":2,"treePosition":0,"clusterRootPosition":2,"clusterType":"ref","howChoseLastCluster":"all","clusterSize":3},"scheduler":2},{"date":"Wed Sep 02 2020 23:24:29 GMT+0530 (India Standard Time)","score":0,"responseTime":663,"revealTime":426,"isCram":false,"metadata":{"mobile":null,"showBadge":true,"cardsInSession":28,"cardsToday":27,"remainingCards":3},"schedulerMetadata":{"clusterPosition":2,"treePosition":0,"clusterRootPosition":2,"clusterType":"ref","howChoseLastCluster":"all","clusterSize":3},"scheduler":2},{"date":"Mon Sep 28 2020 12:47:07 GMT+0530 (India Standard Time)","score":0.01,"responseTime":7185,"revealTime":1378,"isCram":false,"metadata":{"mobile":null,"showBadge":true,"cardsInSession":1,"cardsToday":0,"remainingCards":7},"schedulerMetadata":{"clusterPosition":0,"treePosition":0,"clusterRootPosition":0,"clusterType":"ref","howChoseLastCluster":"all","clusterSize":4},"scheduler":2},{"date":"Mon Dec 07 2020 15:40:23 GMT+0530 (India Standard Time)","score":0,"responseTime":1455,"revealTime":967,"isCram":false,"metadata":{"mobile":null,"showBadge":true,"cardsInSession":2,"cardsToday":2,"remainingCards":10},"schedulerMetadata":{"clusterPosition":0,"treePosition":0,"clusterRootPosition":0,"clusterType":"ref","howChoseLastCluster":"recent","clusterRelatedness":2,"clusterSize":7},"scheduler":5},{"date":"Mon Dec 07 2020 15:40:59 GMT+0530 (India Standard Time)","score":0.5,"responseTime":2447,"revealTime":1685,"isCram":false,"metadata":{"mobile":null,"showBadge":true,"cardsInSession":15,"cardsToday":15,"remainingCards":2},"schedulerMetadata":{"clusterPosition":0,"treePosition":0,"clusterRootPosition":0,"clusterType":"ref","howChoseLastCluster":"recent","clusterRelatedness":2,"clusterSize":7},"scheduler":5}],"s":1607245633708,"l":1607335859862},{"owner":"GBBE6HuQkLpeWaSWG","e":1619536046897,"c":"f","rId":"ys9GzDnX82iGrSiCn","n":1619536046897,"a":1619536046897,"d":1619536046897,"createdAt":1619536046897,"u":1619536046897,"_id":"JKnoGgHL7qze2CR2c"},{"_id":"JKyGhALyAZfonhjuq","owner":"GBBE6HuQkLpeWaSWG","e":1596563855064,"c":"f","rId":"GTjJrEY6yumZcEdGR","n":1607335857000,"a":1607335857000,"d":1607335857000,"u":1607335857390,"h":[{"date":"Tue Aug 04 2020 23:28:35 GMT+0530 (India Standard Time)","score":0.5,"responseTime":10507,"revealTime":9248,"isCram":false,"metadata":{"mobile":null,"showBadge":true,"cardsInSession":2,"cardsToday":1,"remainingCards":2},"schedulerMetadata":{"treePosition":1},"scheduler":1},{"date":"Wed Sep 02 2020 23:22:17 GMT+0530 (India Standard Time)","score":1,"responseTime":4764,"revealTime":3213,"isCram":false,"metadata":{"mobile":null,"showBadge":true,"cardsInSession":5,"cardsToday":4,"remainingCards":6},"schedulerMetadata":{"clusterPosition":4,"treePosition":0,"clusterRootPosition":4,"clusterType":"ref","howChoseLastCluster":"all","clusterSize":5},"scheduler":2},{"date":"Mon Sep 28 2020 12:55:53 GMT+0530 (India Standard Time)","score":0.01,"responseTime":5305,"revealTime":749,"isCram":false,"metadata":{"mobile":null,"showBadge":true,"cardsInSession":4,"cardsToday":3,"remainingCards":5},"schedulerMetadata":{"clusterPosition":0,"treePosition":0,"clusterRootPosition":0,"clusterType":"ref","howChoseLastCluster":"all","clusterSize":3},"scheduler":2},{"date":"Mon Dec 07 2020 15:40:21 GMT+0530 (India Standard Time)","score":0,"responseTime":2363,"revealTime":1479,"isCram":false,"metadata":{"mobile":null,"showBadge":true,"cardsInSession":1,"cardsToday":1,"remainingCards":10},"schedulerMetadata":{"clusterPosition":0,"treePosition":0,"clusterRootPosition":0,"clusterType":"ref","howChoseLastCluster":"search cluster","searchDistance":6,"clusterSize":1},"scheduler":5},{"date":"Mon Dec 07 2020 15:40:57 GMT+0530 (India Standard Time)","score":0.5,"responseTime":3527,"revealTime":1919,"isCram":false,"metadata":{"mobile":null,"showBadge":true,"cardsInSession":14,"cardsToday":14,"remainingCards":3},"schedulerMetadata":{"clusterPosition":0,"treePosition":0,"clusterRootPosition":0,"clusterType":"ref","howChoseLastCluster":"search cluster","searchDistance":6,"clusterSize":1},"scheduler":5}],"l":1607335857390,"s":1607245633708},{"owner":"GBBE6HuQkLpeWaSWG","e":1626323085888,"c":"f","rId":"xogwN5tTev5fyKkfT","n":1626323085888,"a":1626323085888,"d":1626323085888,"createdAt":1626323085888,"u":1626323085888,"_id":"JffFHGdzoJnNRtXKK"},{"owner":"GBBE6HuQkLpeWaSWG","e":1591703712609,"c":"f","rId":"LvMfMz5tb28Gb5Y7c","h":[{"date":"Mon Jun 15 2020 14:58:02 GMT+0530 (India Standard Time)","score":1,"responseTime":3890,"revealTime":2388,"isCram":false,"metadata":{"mobile":null,"showBadge":true,"cardsInSession":1,"cardsToday":1,"remainingCards":3},"schedulerMetadata":{"clusterPosition":1,"treePosition":1,"clusterRootPosition":0,"clusterType":"ref","howChoseLastCluster":"all","clusterSize":2},"scheduler":3},{"date":"Mon Jul 13 2020 15:59:07 GMT+0530 (India Standard Time)","score":1,"responseTime":3429,"revealTime":2409,"isCram":false,"metadata":{"mobile":null,"showBadge":true,"cardsInSession":3,"cardsToday":3,"remainingCards":3},"schedulerMetadata":{"clusterType":"extra","howChoseLastCluster":"extra","extraCard":true,"extraCardLeftover":true},"scheduler":4}],"n":1594895347000,"l":1594636147547,"t":0,"u":1596043381784,"_id":"KP4hxuxqMPrEa4Hvp"},{"owner":"GBBE6HuQkLpeWaSWG","e":1601318185359,"c":"f","rId":"ycrgdHEwsB7nM45Wp","n":1607335841000,"a":1607335841000,"d":1607335841000,"u":1607335841659,"_id":"N6bs32xsD8G4xT9KB","h":[{"date":"Mon Dec 07 2020 15:40:41 GMT+0530 (India Standard Time)","score":0.5,"responseTime":693,"revealTime":426,"isCram":false,"metadata":{"mobile":null,"showBadge":true,"cardsInSession":8,"cardsToday":8,"remainingCards":9},"schedulerMetadata":{"clusterPosition":3,"treePosition":0,"clusterRootPosition":3,"clusterType":"ref","howChoseLastCluster":"recent","clusterRelatedness":2,"clusterSize":7},"scheduler":5}],"l":1607335841659},{"_id":"NLkkhzSwEHby4BNtf","owner":"GBBE6HuQkLpeWaSWG","e":1597236524502,"c":"b","rId":"KF4dcsQrzNtc8MPRg","n":1599069268000,"u":1601298891813,"s":1601299039713,"h":[{"date":"Wed Sep 02 2020 23:21:59 GMT+0530 (India Standard Time)","score":0.5,"responseTime":14993,"revealTime":11229,"isCram":false,"metadata":{"mobile":null,"showBadge":true,"cardsInSession":2,"cardsToday":1,"remainingCards":9},"schedulerMetadata":{"clusterPosition":1,"treePosition":0,"clusterRootPosition":1,"clusterType":"ref","howChoseLastCluster":"all","clusterSize":5},"scheduler":2},{"date":"Wed Sep 02 2020 23:24:12 GMT+0530 (India Standard Time)","score":0,"responseTime":9587,"revealTime":6461,"isCram":false,"metadata":{"mobile":null,"showBadge":true,"cardsInSession":11,"cardsToday":10,"remainingCards":3},"schedulerMetadata":{"clusterPosition":0,"treePosition":0,"clusterRootPosition":0,"clusterType":"ref","howChoseLastCluster":"all","clusterSize":3},"scheduler":2},{"date":"Wed Sep 02 2020 23:24:18 GMT+0530 (India Standard Time)","score":0,"responseTime":1433,"revealTime":705,"isCram":false,"metadata":{"mobile":null,"showBadge":true,"cardsInSession":14,"cardsToday":13,"remainingCards":3},"schedulerMetadata":{"clusterPosition":0,"treePosition":0,"clusterRootPosition":0,"clusterType":"ref","howChoseLastCluster":"all","clusterSize":3},"scheduler":2},{"date":"Wed Sep 02 2020 23:24:21 GMT+0530 (India Standard Time)","score":0,"responseTime":955,"revealTime":543,"isCram":false,"metadata":{"mobile":null,"showBadge":true,"cardsInSession":17,"cardsToday":16,"remainingCards":3},"schedulerMetadata":{"clusterPosition":0,"treePosition":0,"clusterRootPosition":0,"clusterType":"ref","howChoseLastCluster":"all","clusterSize":3},"scheduler":2},{"date":"Wed Sep 02 2020 23:24:23 GMT+0530 (India Standard Time)","score":0,"responseTime":765,"revealTime":485,"isCram":false,"metadata":{"mobile":null,"showBadge":true,"cardsInSession":20,"cardsToday":19,"remainingCards":3},"schedulerMetadata":{"clusterPosition":0,"treePosition":0,"clusterRootPosition":0,"clusterType":"ref","howChoseLastCluster":"all","clusterSize":3},"scheduler":2},{"date":"Wed Sep 02 2020 23:24:26 GMT+0530 (India Standard Time)","score":0,"responseTime":695,"revealTime":407,"isCram":false,"metadata":{"mobile":null,"showBadge":true,"cardsInSession":23,"cardsToday":22,"remainingCards":3},"schedulerMetadata":{"clusterPosition":0,"treePosition":0,"clusterRootPosition":0,"clusterType":"ref","howChoseLastCluster":"all","clusterSize":3},"scheduler":2},{"date":"Wed Sep 02 2020 23:24:28 GMT+0530 (India Standard Time)","score":0,"responseTime":642,"revealTime":405,"isCram":false,"metadata":{"mobile":null,"showBadge":true,"cardsInSession":26,"cardsToday":25,"remainingCards":3},"schedulerMetadata":{"clusterPosition":0,"treePosition":0,"clusterRootPosition":0,"clusterType":"ref","howChoseLastCluster":"all","clusterSize":3},"scheduler":2}],"l":1599069268350,"t":6},{"owner":"GBBE6HuQkLpeWaSWG","e":1626323085466,"c":"b","rId":"6smM8Mm3bcBoMWZry","n":1626323085466,"a":1626323085466,"d":1626323085466,"createdAt":1626323085466,"u":1626323085466,"_id":"SL6FPwCnsyctFa52F"},{"owner":"GBBE6HuQkLpeWaSWG","e":1626323085465,"c":"f","rId":"6smM8Mm3bcBoMWZry","n":1626323085465,"a":1626323085465,"d":1626323085465,"createdAt":1626323085465,"u":1626323085465,"_id":"SxETgNzBYoP23nN4v"},{"_id":"WNM7ZD3Rk9BiZKzPW","owner":"GBBE6HuQkLpeWaSWG","e":1601298891813,"c":"f","rId":"KF4dcsQrzNtc8MPRg","n":1607422247000,"a":1607422247000,"d":1607422247000,"u":1607335847580,"h":[{"date":"Mon Sep 28 2020 18:48:17 GMT+0530 (India Standard Time)","score":0.01,"responseTime":1175,"revealTime":785,"isCram":false,"metadata":{"mobile":null,"showBadge":true,"cardsInSession":4,"cardsToday":5,"remainingCards":3},"schedulerMetadata":{"clusterPosition":1,"treePosition":0,"clusterRootPosition":1,"clusterType":"ref","howChoseLastCluster":"all","clusterSize":2},"scheduler":2},{"date":"Mon Sep 28 2020 18:50:21 GMT+0530 (India Standard Time)","score":0.01,"responseTime":3351,"revealTime":2903,"isCram":false,"metadata":{"mobile":null,"showBadge":true,"cardsInSession":5,"cardsToday":6,"remainingCards":3},"schedulerMetadata":{"clusterPosition":1,"treePosition":0,"clusterRootPosition":1,"clusterType":"ref","howChoseLastCluster":"all","clusterSize":2},"scheduler":2},{"date":"Wed Sep 02 2020 23:22:43 GMT+0530 (India Standard Time)","score":1,"responseTime":7712,"revealTime":4856,"isCram":false,"metadata":{"mobile":null,"showBadge":true,"cardsInSession":8,"cardsToday":7,"remainingCards":5},"schedulerMetadata":{"clusterType":"extra","howChoseLastCluster":"extra","extraCard":true,"extraCardLeftover":true},"scheduler":2},{"date":"Mon Sep 28 2020 12:54:48 GMT+0530 (India Standard Time)","score":0.01,"responseTime":3866,"revealTime":1040,"isCram":false,"metadata":{"mobile":null,"showBadge":true,"cardsInSession":3,"cardsToday":2,"remainingCards":6},"schedulerMetadata":{"clusterPosition":0,"treePosition":0,"clusterRootPosition":0,"clusterType":"ref","howChoseLastCluster":"all","clusterSize":3},"scheduler":2},{"date":"Mon Dec 07 2020 15:40:47 GMT+0530 (India Standard Time)","score":0.5,"responseTime":2886,"revealTime":2137,"isCram":false,"metadata":{"mobile":null,"showBadge":true,"cardsInSession":10,"cardsToday":10,"remainingCards":7},"schedulerMetadata":{"clusterPosition":5,"treePosition":0,"clusterRootPosition":5,"clusterType":"ref","howChoseLastCluster":"recent","clusterRelatedness":2,"clusterSize":7},"scheduler":5}],"l":1607335847580,"s":1607245633708},{"owner":"GBBE6HuQkLpeWaSWG","e":1621503564198,"c":"f","rId":"DiYu5osL6movgFPH3","n":1621503564198,"a":1621503564198,"d":1621503564198,"createdAt":1621503564198,"u":1621503564198,"_id":"WNP54RG5ZaTr2qMxx"},{"_id":"X5CdyseMus3DEtEk7","owner":"GBBE6HuQkLpeWaSWG","e":1598457573221,"c":"f","rId":"jgNhdtvvbjarv2T9E","n":1607422240000,"a":1607422240000,"d":1607422240000,"u":1607335840944,"s":1607245633708,"h":[{"date":"Wed Sep 02 2020 23:22:12 GMT+0530 (India Standard Time)","score":1,"responseTime":7213,"revealTime":3885,"isCram":false,"metadata":{"mobile":null,"showBadge":true,"cardsInSession":4,"cardsToday":3,"remainingCards":7},"schedulerMetadata":{"clusterPosition":3,"treePosition":0,"clusterRootPosition":3,"clusterType":"ref","howChoseLastCluster":"all","clusterSize":5},"scheduler":2},{"date":"Mon Sep 28 2020 18:48:06 GMT+0530 (India Standard Time)","score":0.01,"responseTime":5211,"revealTime":2961,"isCram":false,"metadata":{"mobile":null,"showBadge":true,"cardsInSession":2,"cardsToday":3,"remainingCards":4},"schedulerMetadata":{"clusterPosition":0,"treePosition":0,"clusterRootPosition":0,"clusterType":"ref","howChoseLastCluster":"all","clusterSize":2},"scheduler":2},{"date":"Mon Sep 28 2020 18:48:16 GMT+0530 (India Standard Time)","score":0.01,"responseTime":3252,"revealTime":2773,"isCram":false,"metadata":{"mobile":null,"showBadge":true,"cardsInSession":3,"cardsToday":4,"remainingCards":4},"schedulerMetadata":{"clusterPosition":0,"treePosition":0,"clusterRootPosition":0,"clusterType":"ref","howChoseLastCluster":"all","clusterSize":2},"scheduler":2},{"date":"Mon Dec 07 2020 15:40:40 GMT+0530 (India Standard Time)","score":0.5,"responseTime":5864,"revealTime":4575,"isCram":false,"metadata":{"mobile":null,"showBadge":true,"cardsInSession":7,"cardsToday":7,"remainingCards":10},"schedulerMetadata":{"clusterPosition":2,"treePosition":0,"clusterRootPosition":2,"clusterType":"ref","howChoseLastCluster":"recent","clusterRelatedness":2,"clusterSize":7},"scheduler":5}],"l":1607335840944},{"_id":"bbFhetmN6qWNpLtTB","owner":"GBBE6HuQkLpeWaSWG","e":1598550720038,"c":"f","rId":"fTDGDM8KFXmsobxCt","n":1599069167000,"u":1599069193038,"s":1598550735619,"h":[{"date":"Wed Sep 02 2020 23:22:47 GMT+0530 (India Standard Time)","score":0,"responseTime":4206,"revealTime":2135,"isCram":false,"metadata":{"mobile":null,"showBadge":true,"cardsInSession":9,"cardsToday":8,"remainingCards":4},"schedulerMetadata":{"clusterType":"extra","howChoseLastCluster":"extra","extraCard":true,"extraCardLeftover":true},"scheduler":2}],"t":1,"l":1599069167633},{"owner":"GBBE6HuQkLpeWaSWG","e":1619536046898,"c":"b","rId":"ys9GzDnX82iGrSiCn","n":1619536046898,"a":1619536046898,"d":1619536046898,"createdAt":1619536046898,"u":1619536046898,"_id":"egW7faHvrmmRoWYQ9"},{"_id":"gDEwREouRiHXhJ95W","owner":"GBBE6HuQkLpeWaSWG","e":1598550720038,"c":"b","rId":"fTDGDM8KFXmsobxCt","n":1599069155000,"u":1599069193038,"s":1598550735619,"h":[{"date":"Wed Sep 02 2020 23:22:35 GMT+0530 (India Standard Time)","score":0,"responseTime":8641,"revealTime":3511,"isCram":false,"metadata":{"mobile":null,"showBadge":true,"cardsInSession":7,"cardsToday":6,"remainingCards":5},"schedulerMetadata":{"clusterPosition":0,"treePosition":0,"clusterRootPosition":0,"clusterType":"extra","howChoseLastCluster":"extra","clusterSize":1,"fromTree":true},"scheduler":2}],"t":1,"l":1599069155740},{"owner":"GBBE6HuQkLpeWaSWG","e":1593593957210,"c":"f","rId":"oiJt8HXEHq97YXd6h","h":[{"date":"Mon Jul 13 2020 15:59:04 GMT+0530 (India Standard Time)","score":1,"responseTime":7560,"revealTime":1336,"isCram":false,"metadata":{"mobile":null,"showBadge":true,"cardsInSession":2,"cardsToday":2,"remainingCards":4},"schedulerMetadata":{"clusterPosition":2,"treePosition":0,"clusterRootPosition":1,"clusterType":"ref","howChoseLastCluster":"all","clusterSize":2,"fromTree":true},"scheduler":4}],"n":1594722544000,"l":1594636144112,"t":0,"u":1596043383688,"_id":"sDpcNtsPLi2AtSFM8"},{"_id":"tmBGW4bnspsMFdEob","owner":"GBBE6HuQkLpeWaSWG","e":1601318213944,"c":"f","rId":"taBmq9kKXNnKErjCr","n":1607335849000,"a":1607335849000,"d":1607335849000,"u":1607335849192,"h":[{"date":"Thu Nov 19 2020 00:36:14 GMT+0530 (India Standard Time)","score":0.01,"responseTime":2790,"revealTime":1808,"isCram":false,"metadata":{"mobile":null,"showBadge":true,"cardsInSession":1,"cardsToday":1,"remainingCards":6},"schedulerMetadata":{"treePosition":1},"scheduler":1},{"date":"Mon Dec 07 2020 15:40:49 GMT+0530 (India Standard Time)","score":0.5,"responseTime":1593,"revealTime":502,"isCram":false,"metadata":{"mobile":null,"showBadge":true,"cardsInSession":11,"cardsToday":11,"remainingCards":6},"schedulerMetadata":{"clusterPosition":6,"treePosition":0,"clusterRootPosition":6,"clusterType":"ref","howChoseLastCluster":"recent","clusterRelatedness":2,"clusterSize":7},"scheduler":5}],"l":1607335849192,"s":1607245633708},{"owner":"GBBE6HuQkLpeWaSWG","e":1591703923572,"c":"f","rId":"ja9yN49Jg93Xb9csH","h":[{"date":"Mon Jun 15 2020 14:58:04 GMT+0530 (India Standard Time)","score":1,"responseTime":2285,"revealTime":1074,"isCram":false,"metadata":{"mobile":null,"showBadge":true,"cardsInSession":2,"cardsToday":2,"remainingCards":2},"schedulerMetadata":{"clusterType":"extra","howChoseLastCluster":"extra","extraCard":true,"extraCardLeftover":true},"scheduler":3},{"date":"Mon Jul 13 2020 15:59:08 GMT+0530 (India Standard Time)","score":1,"responseTime":1337,"revealTime":802,"isCram":false,"metadata":{"mobile":null,"showBadge":true,"cardsInSession":4,"cardsToday":4,"remainingCards":2},"schedulerMetadata":{"clusterType":"extra","howChoseLastCluster":"extra","extraCard":true,"extraCardLeftover":true},"scheduler":4}],"n":1594895348000,"l":1594636148892,"t":0,"u":1596043383252,"_id":"xNTWkXhKZpQMfmyah"},{"owner":"GBBE6HuQkLpeWaSWG","e":1599545620017,"c":"b","rId":"8Ca9Jhrfdxgx9cD5o","n":1607335852000,"a":1607335852000,"d":1607335852000,"u":1607335852792,"_id":"y4WvRH8YTXw7sTA5Z","h":[{"date":"Mon Dec 07 2020 15:40:52 GMT+0530 (India Standard Time)","score":0.5,"responseTime":3579,"revealTime":2539,"isCram":false,"metadata":{"mobile":null,"showBadge":true,"cardsInSession":12,"cardsToday":12,"remainingCards":5},"schedulerMetadata":{"clusterType":"extra","howChoseLastCluster":"extra","extraCard":true,"extraCardLeftover":true},"scheduler":5}],"l":1607335852792},{"owner":"GBBE6HuQkLpeWaSWG","e":1591703213446,"c":"f","rId":"PQ9de3uGS9YTpatRw","h":[{"date":"Tue Jun 09 2020 17:40:18 GMT+0530 (India Standard Time)","score":0.5,"responseTime":1904,"revealTime":806,"isCram":true,"metadata":{"mobile":null,"showBadge":true,"cardsInSession":2,"cardsToday":2,"remainingCards":5},"scheduler":3}],"n":1591704620302,"u":1596043381971,"_id":"yAjAczZv8PmtFzwjA"}]}